License Number,Community Name, Street Address,City,Zip Code,Case Number,Longitude,Latitude,First Inspection Date,Next Inspection Date,Inspection Frequency,Compliant,Unit Count,Units Inspected,Average Violations Per Unit,Severity Index,No Violations Observed,Infested Units Percentage,Units with Mold,Analysis Rating,Location
62427,The Veridian At Silver Spring Metro,1133 East West Hwy,Silver Spring,20910,178097,-77.02778325,38.9893465,6/15/23,,3,1,457,110,0.54,0.72,68,0,0,compliant,"(38.9893, -77.0278)"
17200,Seneca Ridge,19568 Scenery Dr,Germantown,20876,177536,-77.23488749,39.17687198,4/13/23,,3,1,71,58,1.62,1.13,26,0.05,0,compliant,"(39.1769, -77.2349)"
17632,The Point At Germantown,2 Observation Ct,Germantown,20876,175575,-77.24749447,39.19213983,3/29/23,,2,1,218,63,0.85,1.11,28,0.03,0,compliant,"(39.1921, -77.2475)"
17292,Summit Hills,8484 16Th St,Silver Spring,20910,178095,0,0,5/23/23,,3,1,112,269,2.8,1.88,30,0.03,0,troubled,"(0.0, 0.0)"
150981,"Clareton, The",4740 BRADLEY BLVD,CHEVY CHASE,20815,171024,-77.09424429,38.97761784,2/10/22,,3,1,100,18,0.11,0.27,16,0,0,compliant,"(38.9776, -77.0942)"
17620,Naples Manor,31 CARONA CT,SILVER SPRING,20905,171919,-77.02247527,39.10091806,9/6/22,,2,1,64,0,0,0,0,0,0,TBD,"(39.1009, -77.0225)"
17477,North Park Apartments,4615 PARK AVE N,CHEVY CHASE,20815,177635,-77.09241112,38.9636738,3/8/23,,3,1,310,74,0.85,0.98,38,0,0,compliant,"(38.9637, -77.0924)"
17475,"Flower Avenue, 8609",8609 FLOWER AVE,TAKOMA PARK,20912,160566,-77.00292042,38.99699926,1/4/23,,3,1,3,0,0,0,0,0,0,TBD,"(38.997, -77.0029)"
150630,Maven at Wheaton,10914 GEORGIA AVE,SILVER SPRING,20902,177513,-77.05020194,39.03522778,3/31/23,,3,1,232,62,0.38,0.15,57,0.03,0,compliant,"(39.0352, -77.0502)"
16959,"Flower Avenue, 8501",8501 FLOWER AVE,TAKOMA PARK,20912,173307,-77.00231517,38.99538482,8/18/22,,3,1,4,6,6.16,1.72,0,0,0,troubled,"(38.9954, -77.0023)"
56268,Edgemont At Bethesda Metro,4903 EDGEMOOR LN,BETHESDA,20814,171043,-77.09775815,38.98512172,3/29/22,,3,1,122,31,0.06,0.16,29,0,0,compliant,"(38.9851, -77.0978)"
17331,"Flower Avenue, 8205",8205 FLOWER AVE,TAKOMA PARK,20912,175956,-77.00172041,38.99159578,12/12/22,,1,0,2,3,9,2.29,0,0.33,0.33,troubled,"(38.9916, -77.0017)"
62678,Metro Pointe Apartments,11175 GEORGIA AVE,SILVER SPRING,20902,178094,-77.05048244,39.03854719,4/26/23,,3,1,173,44,0.27,0.37,36,0,0,compliant,"(39.0385, -77.0505)"
18024,"Flower Avenue, 8511",8511 FLOWER AVE,TAKOMA PARK,20912,157672,-77.0026002,38.99609044,9/16/19,,2,0,2,4,1.25,1.35,1,0,0,compliant,"(38.9961, -77.0026)"
18009,"Fawcett Street, 10410",10410 FAWCETT ST,KENSINGTON,20895,165276,-77.07404438,39.02677489,3/5/21,,3,1,7,9,0.55,0.13,8,0,0,compliant,"(39.0268, -77.074)"
148257,"Glenville Road, 8817",8817 GLENVILLE RD,SILVER SPRING,20901,175581,-76.99634752,39.00048079,12/6/22,,2,1,3,4,2.75,2.33,0,0,0,troubled,"(39.0005, -76.9963)"
60561,234 Joeve LLC,3901 HAMPDEN ST,KENSINGTON,20895,176709,-77.07792857,39.03139337,1/4/23,,3,1,1,2,1,0.5,1,0,0,compliant,"(39.0314, -77.0779)"
17978,Dalton Apartments,733 SLIGO AVE,SILVER SPRING,20910,174498,-77.01907956,38.99068264,9/12/22,,3,1,94,25,3.24,2.57,2,0.04,0.44,troubled,"(38.9907, -77.0191)"
18159,"Greenwood Avenue, 8501",8501 GREENWOOD AVE,TAKOMA PARK,20912,160575,-77.0012279,38.9951075,1/27/21,,3,1,3,0,0,0,0,0,0,TBD,"(38.9951, -77.0012)"
17682,"Bradford Road, 8718",8718 BRADFORD RD,SILVER SPRING,20901,175954,-77.00671371,39.0000661,11/10/22,,3,1,6,1,0,0,3,0,0,compliant,"(39.0001, -77.0067)"
18212,"Silver Spring Avenue, 611",611 SILVER SPRING AVE,SILVER SPRING,20910,173291,-77.01389751,38.99237472,7/5/22,,3,1,4,1,2,1,0,0,0,compliant,"(38.9924, -77.0139)"
100250,Baldwin TLC,7910 Long Branch Pkwy,Takoma Park,20912,175595,-76.99645372,38.98794118,10/19/22,,1,0,6,12,0.5,0.97,7,0,0,compliant,"(38.9879, -76.9965)"
18002,Hampton Point,3340 Hampton Point Dr,Silver Spring,20904,157366,-76.94088443,39.07751845,12/11/19,,1,0,352,349,1.02,1.58,80,0.02,0,at-risk,"(39.0775, -76.9409)"
17549,Montgomery Club V I,17101 Queen Victoria Ct,Gaithersburg,20877,171957,-77.20500944,39.13657798,8/23/22,,1,0,109,102,1.29,1.24,44,0.08,0,compliant,"(39.1366, -77.205)"
17473,Boulevard Of Chevy Chase,4733 Bradley Blvd,Chevy Chase,20815,175951,-77.09379538,38.97862313,11/3/22,,1,0,11,12,0.08,0.08,11,0,0,compliant,"(38.9786, -77.0938)"
17777,"Wabash Avenue, 907",907 Wabash Ave,Takoma Park,20912,159928,-77.0006157,38.99379784,2/6/20,,3,0,6,6,0.66,0.66,4,0,0,compliant,"(38.9938, -77.0006)"
111073,8513 Flower,8513 FLOWER AVE,TAKOMA PARK,20912,175952,0,0,10/25/22,,1,0,3,4,0.25,0.25,3,0,0,compliant,"(0.0, 0.0)"
17990,"Houston Avenue, 810",810 Houston Ave,Takoma Park,20912,160582,-77.00079865,38.99155734,3/10/20,,3,0,3,2,0.5,1,1,0,0,compliant,"(38.9916, -77.0008)"
17363,Pembridge Square,2315 Blueridge Ave,Silver Spring,20902,161018,-77.04828447,39.04334925,10/28/20,,2,0,133,1,1,1,0,0,0,compliant,"(39.0433, -77.0483)"
105672,"Patterson Court, 302",302 PATTERSON CT,TAKOMA PARK,20912,171922,-76.99610192,38.98744146,4/28/22,,1,0,5,4,0,0,1,0,0,compliant,"(38.9874, -76.9961)"
17450,"Patterson Court, 304",304 Patterson Ct,Takoma Park,20912,159932,-76.99640094,38.9872822,1/22/20,,3,0,3,2,0.5,0.5,1,0,0,compliant,"(38.9873, -76.9964)"
46012,The Gardens Of Traville Senior Apartment,14411 Traville Garden Cir,Rockville,20850,158826,-77.20377476,39.09333365,12/4/19,,2,0,230,93,0.61,1.05,55,0,0,compliant,"(39.0933, -77.2038)"
17982,"Avondale Street, 4508-4510",4508 Avondale St,Bethesda,20814,176685,-77.09263001,38.98596059,12/22/22,,1,0,7,0,0,0,0,0,0,TBD,"(38.986, -77.0926)"
17322,"Maplewood Avenue, 806",806 Maplewood Ave,Takoma Park,20912,175594,-77.00007036,38.98862217,10/3/22,,1,0,5,3,1,0,3,0,0,compliant,"(38.9886, -77.0001)"
18229,"Greenwood Avenue, 8405",8405 Greenwood Ave,Takoma Park,20912,175962,-77.00095699,38.99440736,11/14/22,,1,0,3,4,1,1.87,1,0,0,at-risk,"(38.9944, -77.001)"
17434,Eastern Avenue Apartments,7603 Eastern Ave,Takoma Park,20912,164524,-77.0229752,38.98249701,3/3/21,,1,0,41,38,1.18,1.04,17,0.02,0,compliant,"(38.9825, -77.023)"
17169,Battery Lane Apartments,4887 Battery Ln,Bethesda,20814,159921,-77.09888586,38.9925727,8/4/21,,2,0,86,40,0.2,0.25,35,0,0,compliant,"(38.9926, -77.0989)"
17193,Fairfax Court,1 Fairfax Ct,Chevy Chase,20815,171968,-77.10277844,38.97545528,5/11/22,,1,0,18,17,0.52,0.72,10,0,0,compliant,"(38.9755, -77.1028)"
17758,Blitz Apartments II,1054 Ruatan St,Silver Spring,20903,175601,0,0,11/3/22,,1,0,4,3,3.33,1.4,0,0,0,at-risk,"(0.0, 0.0)"
17314,"Greenwood Avenue, 8003",8003 Greenwood Ave,Takoma Park,20912,160571,-77.00016181,38.98977813,3/6/20,,3,0,2,4,2,1.78,1,0,0,at-risk,"(38.9898, -77.0002)"
18128,"Quebec Terrace, 1000",1000 Quebec Ter,Silver Spring,20903,175590,-76.98979227,38.99903343,10/11/22,,1,0,10,10,2.1,1.73,3,0.2,0,troubled,"(38.999, -76.9898)"
106915,Flats At Bethesda Avenue,7170 WOODMONT AVE,BETHESDA,20814,159472,-77.09510313,38.98064842,1/29/20,,3,0,162,34,0.32,0.28,29,0,0,compliant,"(38.9806, -77.0951)"
16956,"Georgia Avenue, 20207",20215 Georgia Ave,Brookeville,20833,154040,-77.06448567,39.18755031,3/18/19,,1,0,4,5,9.4,1.93,0,0,0,troubled,"(39.1876, -77.0645)"
17339,"Bradford Road, 8802",8802 Bradford Rd,Silver Spring,20901,158835,-77.00655897,39.00055208,11/7/19,,2,0,6,6,4,1.9,1,0.16,0,troubled,"(39.0006, -77.0066)"
17430,"Hudson Avenue, 807",807 Hudson Ave,Takoma Park,20912,159933,-77.00156566,38.99236729,2/3/20,,3,0,2,2,0,0,2,0,0,compliant,"(38.9924, -77.0016)"
17501,"Flower Avenue, 7817",7817 Flower Ave,Takoma Park,20912,171961,-77.00042566,38.98816364,5/4/22,,1,0,2,0,0,0,0,0,0,TBD,"(38.9882, -77.0004)"
95883,"Holstein Street, 7903",7903 Holstein St,Takoma Park,20912,159935,-76.99881787,38.98863865,1/30/20,,3,0,2,1,0,0,1,0,0,compliant,"(38.9886, -76.9988)"
17615,Ridgewood Apartments,4021 Postgate Ter,Silver Spring,20906,161016,-77.07738462,39.08778583,7/28/21,,2,0,274,259,1,0.9,138,0,0,compliant,"(39.0878, -77.0774)"
17596,"Nolte Avenue, 8216",8216 Nolte Ave,Silver Spring,20910,171944,-77.01352828,38.9934099,4/12/22,,1,0,4,4,2.5,1.5,1,0,0,at-risk,"(38.9934, -77.0135)"
17325,Rollingwood,2535 Ross Rd,Silver Spring,20910,171965,-77.05470622,38.99601731,8/10/22,,1,0,283,227,2.15,1.55,56,0.14,0.03,troubled,"(38.996, -77.0547)"
100380,"Silver Spring Avenue, 605",605 SILVER SPRING AVE,SILVER SPRING,20910,171920,-77.01367938,38.99244064,6/15/22,,1,0,4,3,5,1.35,0,0,0,at-risk,"(38.9924, -77.0137)"
107162,804 Kennebec,804 KENNEBEC AVE,TAKOMA PARK,20912,159930,0,0,1/16/20,,3,0,3,3,0.33,1.33,1,0,0,compliant,"(0.0, 0.0)"
17455,Thayer Terrace,525 Thayer Ave,Silver Spring,20910,171942,-77.01475632,38.99407697,7/14/22,,1,0,74,71,3.07,1.71,14,0.3,0.04,troubled,"(38.9941, -77.0148)"
18233,"Greenwood Avenue, 8209",8209 Greenwood Ave,Takoma Park,20912,160574,-77.00060866,38.9923481,3/9/20,,3,0,3,4,1.25,2.4,0,0,0,at-risk,"(38.9923, -77.0006)"
17372,Village Square Wheaton,12011 Veirs Mill Rd,Silver Spring,20906,161013,-77.07594576,39.05371152,10/14/20,,2,0,162,0,0,0,0,0,0,TBD,"(39.0537, -77.0759)"
17533,"Houston Avenue, 902",902 Houston Ave,Takoma Park,20912,169447,-77.00013013,38.9916644,10/28/21,,1,0,3,3,3.33,2.2,0,0,0,troubled,"(38.9917, -77.0001)"
40330,"Silver Spring Avenue, 755",755 Silver Spring Ave,Silver Spring,20910,169454,-77.02130354,38.99216492,1/5/22,,1,0,1,0,0,0,0,0,0,TBD,"(38.9922, -77.0213)"
17699,"Quebec Terrace, 1031",1031 Quebec Ter,Silver Spring,20903,175972,-76.98688207,39.00031264,11/8/22,,1,0,4,4,3.25,1.69,0,0,0,troubled,"(39.0003, -76.9869)"
17511,"Olney-Sandy Spring Road, 903 & 907",903 OLNEY SANDY SPRING RD,Laurel,20707,171959,-77.02680599,39.14964061,7/18/22,,1,0,4,4,2.5,1.66,1,0,0,troubled,"(39.1496, -77.0268)"
17181,Parkside Terrace,500 Easley St,Silver Spring,20910,171976,-77.01704848,38.99522825,6/28/22,,1,0,86,79,1.56,1.24,27,0.07,0.02,compliant,"(38.9952, -77.017)"
112943,Auden Place,12631 Georgia Ave,Silver Spring,20906,159501,-77.05396811,39.06359057,1/21/20,,1,0,163,147,1.8,1.63,41,0.05,0,at-risk,"(39.0636, -77.054)"
17757,Blitz Apartments III,1058 Ruatan St,Silver Spring,20903,175602,-76.9886486,38.9997692,11/3/22,,1,0,4,4,2.75,2.27,0,0,0,troubled,"(38.9998, -76.9886)"
26019,"Metropolitan, The",7620 OLD GEORGETOWN RD,BETHESDA,20814,166756,-77.09684774,38.98568536,1/14/22,,3,1,308,74,0.5,0.26,63,0,0,compliant,"(38.9857, -77.0968)"
17769,"Glenville Road, 8801",8801 GLENVILLE RD,SILVER SPRING,20901,158832,-76.99699497,38.99961868,11/4/19,,2,0,4,4,0,0,8,0,0,compliant,"(38.9996, -76.997)"
17494,"Kennebec Avenue, 805",805 KENNEBEC AVE,TAKOMA PARK,20912,159931,-77.00027793,38.99008015,2/20/20,,3,0,3,4,0.25,1.5,1,0,0,compliant,"(38.9901, -77.0003)"
17471,"Houston Avenue, 1002",1002 HOUSTON AVE,TAKOMA PARK,20912,161043,-76.99923651,38.99183739,4/23/21,,3,1,2,0,0,0,0,0,0,TBD,"(38.9918, -76.9992)"
18123,"Greenwood Avenue, 8314",8314 GREENWOOD AVE,TAKOMA PARK,20912,158816,-77.00149884,38.99379231,10/24/19,,2,0,1,1,0,0,1,0,0,compliant,"(38.9938, -77.0015)"
17951,"Prospect Street, 908",908 PROSPECT ST,TAKOMA PARK,20912,176677,-76.99891987,38.98954472,4/4/23,,1,1,4,4,1.25,0.8,2,0,0,compliant,"(38.9895, -76.9989)"
117270,Fairland Crossing,14001 CASTLE BLVD,SILVER SPRING,20904,177507,-76.94049802,39.08467226,6/21/23,,1,1,534,528,3.1,1.74,75,0.1,0.02,troubled,"(39.0847, -76.9405)"
17685,"Ruatan Street, 1052",1052 RUATAN ST,SILVER SPRING,20903,175598,-76.98912013,38.99950291,2/10/23,,1,1,4,4,0.75,0.66,2,0,0,compliant,"(38.9995, -76.9891)"
17496,Rebecca Apartments,10920 CONNECTICUT AVE,KENSINGTON,20895,171036,-77.07575369,39.03537878,2/22/22,,3,1,102,25,0,0,25,0,0,compliant,"(39.0354, -77.0758)"
17611,"Garland Avenue, 8315",8315 GARLAND AVE,TAKOMA PARK,20912,177532,-77.00010907,38.99421516,3/2/23,,3,1,3,5,3.4,2.05,0,0,0,troubled,"(38.9942, -77.0001)"
108282,Villaflores,8808 BRADFORD RD,SILVER SPRING,20901,160587,-77.00640063,39.00102435,3/20/20,,3,1,6,7,1.28,1.74,2,0.14,0,at-risk,"(39.001, -77.0064)"
17380,Montgomery Towers,415 Silver Spring Ave,Silver Spring,20910,174503,-77.01110408,38.99327289,9/9/22,,3,1,61,16,2.5,1.47,3,0,0.12,at-risk,"(38.9933, -77.0111)"
63144,Archstone Wisconsin Place,4440 Willard Ave,Chevy Chase,20815,178103,-77.08752753,38.96176858,5/25/23,,3,1,432,102,0.79,2.39,10,0,0,at-risk,"(38.9618, -77.0875)"
88897,Avery Park Apartments,1801 Hampshire Green Ln,Silver Spring,20903,178089,-76.97386431,39.01561116,6/8/23,,1,1,294,95,1.75,1.63,10,0.07,0.01,at-risk,"(39.0156, -76.9739)"
17756,"Glenville Road, 8815",8815 GLENVILLE RD,SILVER SPRING,20901,171923,-76.99634753,39.00039022,7/12/22,,1,0,4,5,5.4,1.51,0,0,0,troubled,"(39.0004, -76.9963)"
150927,"Schrider Street, 8101",8101 SCHRIDER ST,SILVER SPRING,20910,174511,-77.0142669,38.99127596,1/26/23,,3,1,6,5,7.6,1.55,0,0,0,troubled,"(38.9913, -77.0143)"
150783,"Hudson Avenue, 908",908 Hudson Ave,Takoma Park,20912,157639,-77.00055586,38.99297687,10/1/19,,1,0,6,6,1.66,0.46,4,0,0,compliant,"(38.993, -77.0006)"
17534,Snowdens Ridge,2105 HARLEQUIN TER,Silver Spring,20904,140494,-76.96937267,39.06920152,6/20/17,,3,0,87,24,0.62,0.64,13,0,0,compliant,"(39.0692, -76.9694)"
115227,Waterford Tower,14000 CASTLE BLVD,SILVER SPRING,20904,175587,-76.94211034,39.08588173,11/22/22,,2,1,143,24,2.04,1.92,3,0.08,0,troubled,"(39.0859, -76.9421)"
153401,Rock Creek,12630 VEIRS MILL RD,ROCKVILLE,20853,177633,-77.09554698,39.06245309,3/14/23,,3,1,526,133,1.51,1.44,45,0.08,0,compliant,"(39.0625, -77.0955)"
17550,"Quebec Terrace, 1015",1015 QUEBEC TER,SILVER SPRING,20903,157353,-76.98839516,39.00007944,8/13/19,,1,0,4,4,1.5,1.66,0,0,0,at-risk,"(39.0001, -76.9884)"
151019,Avondale Apartments,4522 Avondale St,Bethesda,20814,159422,-77.09321037,38.98590247,1/14/20,,2,0,7,10,1.1,2.97,1,0,0,at-risk,"(38.9859, -77.0932)"
148419,8805 PLYMOUTH ST,8805 PLYMOUTH ST,SILVER SPRING,20901,176723,-77.00691082,39.00078819,4/4/23,,3,1,7,7,0.57,0.85,4,0,0,compliant,"(39.0008, -77.0069)"
150979,Battery Lane,4998 Battery Ln,Bethesda,20814,159924,-77.10141553,38.99158475,2/10/20,,2,0,95,47,1.87,1.31,10,0,0,compliant,"(38.9916, -77.1014)"
122536,Inigo's Crossing,5405 TUCKERMAN LN,ROCKVILLE,20852,177638,-77.10819243,39.02910962,3/30/23,,3,0,473,109,0.95,1.33,52,0,0.03,compliant,"(39.0291, -77.1082)"
17419,Westwood Tower,5401 Westbard Ave,Bethesda,20816,177060,-77.10593094,38.96413183,3/7/23,,3,1,212,51,0.72,0.63,33,0,0,compliant,"(38.9641, -77.1059)"
153563,"Garland Avenue, 8102",8102 GARLAND AVE,TAKOMA PARK,20912,177028,-76.9995391,38.99075009,1/27/23,,3,1,3,5,1.6,2.26,1,0,0,at-risk,"(38.9908, -76.9995)"
149498,7001 Arlington At Bethesda,7001 ARLINGTON RD,BETHESDA,20814,159465,-77.09759238,38.97966612,12/12/19,,3,0,140,37,0.24,0.4,29,0,0,compliant,"(38.9797, -77.0976)"
152673,Falkland Chase West,8305 16TH ST,SILVER SPRING,20910,176718,-77.03627506,38.99276173,1/10/23,,3,1,121,26,0.23,0.53,20,0,0,compliant,"(38.9928, -77.0363)"
148420,8807 PLYMOUTH,8807 PLYMOUTH ST,SILVER SPRING,20901,158813,-77.00685454,39.00097215,10/30/19,,2,0,6,7,0.85,0.95,3,0,0,compliant,"(39.001, -77.0069)"
151176,"Ruatan Row, LLC",1050 RUATAN ST,SILVER SPRING,20903,175600,-76.9892996,38.99941778,1/8/23,,1,0,4,4,2.75,1.81,0,0,0,troubled,"(38.9994, -76.9893)"
18211,515 Thayer,515 THAYER AVE,SILVER SPRING,20910,144031,-77.01347203,38.99396178,10/24/17,,2,0,55,13,2.61,1.14,2,0,0,at-risk,"(38.994, -77.0135)"
153570,"Houston Avenue, 804",804 HOUSTON AVE,TAKOMA PARK,20912,173294,-77.00138267,38.99144198,8/17/22,,3,1,3,5,8.2,1.58,0,0,0,troubled,"(38.9914, -77.0014)"
152566,Falkland Chase Apartments North,1545 N FALKLAND LN,SILVER SPRING,20910,171028,-77.03627506,38.99276173,4/6/22,,3,1,170,50,0.38,0.44,35,0.02,0,compliant,"(38.9928, -77.0363)"
153651,"Prospect Street, 907",907 PROSPECT ST,TAKOMA PARK,20912,157646,-76.99897269,38.98915484,9/10/19,,2,0,2,1,0,0,0,0,0,compliant,"(38.9892, -76.999)"
17500,"Greenwood Avenue, 8205",8205 GREENWOOD AVE,TAKOMA PARK,20912,171929,-77.00047141,38.99200215,5/5/22,,1,0,1,2,0,0,2,0,0,compliant,"(38.992, -77.0005)"
151598,Westchester West Apartments,3020 HEWITT AVE,SILVER SPRING,20906,178118,-77.06439261,39.07976029,6/29/23,,2,1,345,64,2.64,1.17,22,0.06,0,at-risk,"(39.0798, -77.0644)"
74035,Albert Apartment,10422 Fawcett St,Kensington,20895,176700,-77.07391103,39.02717309,12/27/22,,3,1,4,5,2,2.4,0,0,0,at-risk,"(39.0272, -77.0739)"
17516,Lakeview House,10250 Westlake Dr,Bethesda,20817,176726,-77.15020415,39.02499963,1/18/23,,3,1,152,37,0.24,0.22,32,0.02,0,compliant,"(39.025, -77.1502)"
17592,"Holsey Road, 9115",9115 Holsey Rd,Damascus,20872,177645,-77.18881588,39.31214384,3/14/23,,3,1,2,2,0,0,2,0,0,compliant,"(39.3121, -77.1888)"
17772,"Glenville Road, 8812",8812 Glenville Rd,Silver Spring,20901,177597,-76.99700551,39.00026665,5/8/23,,3,1,4,6,4.83,1.92,0,0.33,0,troubled,"(39.0003, -76.997)"
17547,The Birches,1532 Heather Hollow Cir,Silver Spring,20904,178105,-76.98097153,39.04072337,4/11/23,,3,1,227,49,0.42,0.34,34,0,0,compliant,"(39.0407, -76.981)"
17274,Windsor Court/Windsor Towers,13802 Castle Blvd,Silver Spring,20904,175479,-76.94455298,39.0820789,11/16/22,,3,1,457,121,1.79,1.42,41,0.08,0,compliant,"(39.0821, -76.9446)"
17444,Nolte Avenue Apartments,8200 Nolte Ave,Silver Spring,20910,175607,-77.01354219,38.99272347,11/18/22,,3,1,15,5,6,1.65,1,0.2,0,troubled,"(38.9927, -77.0135)"
73130,Lorraine,3923 Plyers Mill Rd,Kensington,20895,176716,-77.07762796,39.030158,1/25/23,,3,1,5,6,0.33,0.16,5,0,0,compliant,"(39.0302, -77.0776)"
17817,"Greenwood Avenue, 8410",8410 Greenwood Ave,Takoma Park,20912,175963,-77.00168532,38.99491806,10/24/22,,2,1,5,7,2.28,1.85,0,0,0,troubled,"(38.9949, -77.0017)"
17255,Sumner Highlands,4507 Sangamore Rd,Bethesda,20816,177569,-77.11882212,38.94817226,4/4/23,,3,1,125,31,0.48,0.88,21,0,0,compliant,"(38.9482, -77.1188)"
17411,Glen Wood,4857 Battery Ln,Bethesda,20814,177037,-77.09776927,38.99322703,3/15/23,,3,1,50,15,4.6,2.11,1,0.13,0.46,troubled,"(38.9932, -77.0978)"
17340,"Plymouth Street, 8714",8714 Plymouth St,Silver Spring,20901,175474,-77.00772713,39.0002994,10/7/22,,3,1,6,7,6.14,2.32,0,0.14,0,troubled,"(39.0003, -77.0077)"
17392,Glen Lane,4949 Battery Ln,Bethesda,20814,177030,-77.1004712,38.99307375,3/15/23,,3,1,110,28,1.46,1.65,10,0,0.03,at-risk,"(38.9931, -77.1005)"
17811,"Georgia Avenue, 9435",9435 Georgia Ave,Silver Spring,20910,174567,-77.04047543,39.00936335,8/23/22,,3,1,6,7,3,2.1,0,0,0,troubled,"(39.0094, -77.0405)"
100160,Acclaim at Germantown,12912 Falling Water Cir,Germantown,20874,175491,0,0,12/6/22,,2,1,143,35,0.51,1.23,16,0,0,compliant,"(0.0, 0.0)"
50690,"Garland Avenue, 8308",8308 Garland Ave,Takoma Park,20912,178077,-77.00061569,38.99365229,4/27/23,,1,1,6,7,2,1.47,2,0,0,compliant,"(38.9937, -77.0006)"
108600,The Sanctuary,426 UNIVERSITY BLVD E,SILVER SPRING,20901,153859,0,0,5/20/19,,3,0,75,0,0,0,0,0,0,compliant,"(0.0, 0.0)"
17258,Manchester Manor,8401 Manchester Rd,Silver Spring,20901,177608,-77.00515122,38.99760051,2/27/23,,3,1,53,12,1,0.66,8,0.08,0,compliant,"(38.9976, -77.0052)"
36446,Hughes House,10720 Georgia Ave,Silver Spring,20902,177047,-77.04878042,39.0311593,2/10/23,,3,1,23,0,0,0,0,0,0,TBD,"(39.0312, -77.0488)"
17399,Aldon Apartments,4701 Bradley Blvd,Chevy Chase,20815,176697,-77.09314442,38.97851106,12/29/22,,3,1,88,21,1,1.17,7,0,0,compliant,"(38.9785, -77.0931)"
17299,Montgomery Gardens,7521 Blair Rd,Takoma Park,20912,177524,-77.022233,38.98160232,3/13/23,,3,1,80,26,2.07,1.53,7,0,0,troubled,"(38.9816, -77.0222)"
17548,Paint Branch Park,12005 Old Columbia Pike,Silver Spring,20904,170966,-76.97471585,39.05344362,5/9/23,,3,1,14,15,3.93,1.6,3,0,0,troubled,"(39.0534, -76.9747)"
17609,Barron House,8306 Barron St,Takoma Park,20912,177626,-76.9979312,38.99257321,3/13/23,,3,1,22,7,1.28,2.78,1,0,0,at-risk,"(38.9926, -76.9979)"
17287,"Avondale Street, 4519",4519 Avondale St,Bethesda,20814,177011,-77.09307725,38.98634463,6/9/23,,3,1,4,5,0.4,0.6,4,0,0,compliant,"(38.9863, -77.0931)"
17997,"Garland Avenue, 8003",8003 Garland Ave,Takoma Park,20912,175489,-76.99852933,38.98980833,10/11/22,,2,1,1,1,0,0,1,0,0,compliant,"(38.9898, -76.9985)"
17403,Glen Brook,4890 Battery Ln,Bethesda,20814,177029,-77.09856969,38.9919551,3/15/23,,3,1,94,23,1.52,1.21,10,0,0.13,compliant,"(38.992, -77.0986)"
17186,Blair East,1220 East West Hwy,Silver Spring,20910,174563,-77.03083095,38.99151759,9/14/22,,3,1,401,87,0.18,0.17,79,0,0,compliant,"(38.9915, -77.0308)"
112829,Montgomery White Oak,11550 Stewart Ln,Silver Spring,20904,171940,0,0,6/22/22,,1,1,591,586,2.13,1.53,142,0.14,0.01,troubled,"(0.0, 0.0)"
17510,Georgian Court,3600 Bel Pre Rd,Silver Spring,20906,174495,-77.07296714,39.09192199,8/12/22,,3,1,147,0,0,0,0,0,0,TBD,"(39.0919, -77.073)"
90162,"Quebec Flats, LLC",1011 Quebec Ter,Silver Spring,20903,178080,-76.98878576,39.00002178,5/3/23,,1,1,8,10,5.1,1.78,0,0.4,0,troubled,"(39.0, -76.9888)"
85104,Fenwick,8616 2Nd Ave,Silver Spring,20910,177521,-77.03429916,38.99707116,4/4/23,,3,1,310,81,0.2,0.19,73,0,0,compliant,"(38.9971, -77.0343)"
17370,"Philadelphia Avenue, 817",817 Philadelphia Ave,Silver Spring,20910,177582,-77.02241744,38.98754096,4/25/23,,3,1,4,5,1,0.8,3,0,0,compliant,"(38.9875, -77.0224)"
17182,Goodacre Apartments,510 Domer Ave,Takoma Park,20912,177517,-77.00009318,38.99694081,3/29/23,,3,1,156,42,0.76,1.1,21,0,0,compliant,"(38.9969, -77.0001)"
44983,Blair Towns,8201 16Th St,Silver Spring,20910,174574,-77.03455354,38.99195584,10/5/22,,3,1,78,20,0,0,20,0,0,compliant,"(38.992, -77.0346)"
17329,"Glenville Road, 8813",8813 Glenville Rd,Silver Spring,20901,177511,-76.99636512,39.00025019,2/27/23,,3,1,8,9,1.33,4.72,0,0,0,at-risk,"(39.0003, -76.9964)"
16471,Avondale Apartments,4507 Avondale St,Bethesda,20814,177010,-77.09236677,38.98643034,6/2/23,,2,1,22,25,1.6,1.74,4,0,0,at-risk,"(38.9864, -77.0924)"
17369,"Schrider Street, 8115",8115 Schrider St,Silver Spring,20910,178075,-77.01409088,38.9918091,4/18/23,,2,0,9,11,3.72,1.67,2,0.27,0,troubled,"(38.9918, -77.0141)"
17600,"Glenview Avenue, 8514",8514 Glenview Ave,Takoma Park,20912,175606,-77.00044684,38.99649135,10/19/22,,3,1,5,6,0.33,0.33,4,0,0,compliant,"(38.9965, -77.0004)"
17385,Oak Hill Apartments,11497 Columbia Pike,Silver Spring,20904,174505,-76.98678064,39.04615897,11/17/22,,3,1,280,78,1.24,1.28,30,0.03,0.01,compliant,"(39.0462, -76.9868)"
112942,Victory Crossing Senior Apartments,1090 MILESTONE DR,SILVER SPRING,20904,160309,0,0,3/2/20,,,0,105,10,0.1,0.3,9,0,0,compliant,"(0.0, 0.0)"
136864,Stonecreek Club Apartments,12840 LOCBURY CIR,GERMANTOWN,20874,175588,0,0,5/9/23,,,0,240,68,1.16,1.31,26,0,0,compliant,"(0.0, 0.0)"
105377,"New Hampshire Avenue, 17800",17800 NEW HAMPSHIRE AVE,ASHTON,20861,177641,-77.01123745,39.1475129,2/16/23,,3,1,2,0,0,0,0,0,0,TBD,"(39.1475, -77.0112)"
17569,Victoria Apartment,10416 Fawcett St,Kensington,20895,177512,-77.07397418,39.0269891,3/10/23,,3,1,10,11,0.9,0.54,6,0,0,compliant,"(39.027, -77.074)"
17241,Highland House,5480 Wisconsin Ave,Chevy Chase,20815,178102,-77.08751143,38.96321355,8/17/23,,3,1,391,87,0.9,1.01,39,0,0,compliant,"(38.9632, -77.0875)"
116707,The Morgan,12000 Chase Crossing Cir,Rockville,20852,177055,-77.12021401,39.05456657,3/3/23,,2,1,127,35,1.48,1.25,13,0,0,compliant,"(39.0546, -77.1202)"
17170,Camp Hill Square,17825 Washington Grove Ln,Gaithersburg,20877,159467,-77.16808843,39.14843026,2/12/20,,2,1,50,52,2.67,1.39,12,0.07,0.07,at-risk,"(39.1484, -77.1681)"
17188,Blair Plaza,1401 Blair Mill Rd,Silver Spring,20910,174501,-77.03126675,38.99044937,12/6/22,,3,1,330,75,0.21,0.23,63,0,0,compliant,"(38.9904, -77.0313)"
17428,Stratford Terrace,9061 Manchester Rd,Silver Spring,20901,177533,0,0,3/8/23,,2,1,19,21,3.76,2.04,1,0.14,0.04,troubled,"(0.0, 0.0)"
17316,"Quebec Terrace, 1027-1029",1027 Quebec Ter,Silver Spring,20903,178082,-76.98950173,38.99936658,4/10/23,,1,1,8,5,4.8,1.54,0,0,0,troubled,"(38.9994, -76.9895)"
17524,"Dale Drive, 529",529 Dale Dr,Silver Spring,20910,174518,-77.01739329,39.00077886,9/6/22,,3,1,9,7,0.57,0.57,3,0,0,compliant,"(39.0008, -77.0174)"
17571,Knights Bridge I I,13516 Greencastle Ridge Ter,Burtonsville,20866,178096,-76.93022931,39.07880368,4/12/23,,3,1,207,51,1.98,1.63,11,0.01,0,at-risk,"(39.0788, -76.9302)"
17305,Silver Spring/Nolte II,610 Silver Spring Ave,Silver Spring,20910,174520,-77.01358075,38.99191622,9/1/22,,3,1,15,15,0.26,0.44,11,0,0,compliant,"(38.9919, -77.0136)"
17383,Halpine Hamlet,5501 Halpine Pl,Rockville,20851,175472,-77.11324903,39.06549049,10/6/22,,3,1,67,19,0.73,0.87,12,0,0,compliant,"(39.0655, -77.1132)"
17460,"Garland Avenue, 7909",7909 Garland Ave,Takoma Park,20912,177027,-76.9982233,38.98922072,1/20/23,,1,1,3,5,1,2.2,2,0.4,0,troubled,"(38.9892, -76.9982)"
17300,Fields Of Bethesda,5079 Bradley Blvd,Bethesda,20815,177571,-77.10036396,38.97784915,4/10/23,,3,0,369,123,1.6,2.21,20,0.06,0,at-risk,"(38.9778, -77.1004)"
134574,Sawyer Flats,9806 MAHOGANY DR,GAITHERSBURG,20878,177578,0,0,4/4/23,,,0,648,153,0.91,0.9,82,0.01,0,compliant,"(0.0, 0.0)"
17603,"Greenwood Avenue, 8401",8401 Greenwood Ave,Takoma Park,20912,175471,-77.00096053,38.9941081,11/2/22,,3,1,6,7,0.57,1.07,4,0,0,compliant,"(38.9941, -77.001)"
84458,PerSei,900 Persei Pl,Rockville,20852,177052,-77.11680518,39.04983394,3/10/23,,3,1,174,43,1.06,1.19,14,0.02,0,compliant,"(39.0498, -77.1168)"
17598,"Schrider Street, 8201",8201 Schrider St,Silver Spring,20910,175473,-77.01415782,38.99227859,10/11/22,,3,1,11,10,0.4,1.6,2,0,0,at-risk,"(38.9923, -77.0142)"
90462,"Plymouth Street, 8705",8705 Plymouth St,Silver Spring,20901,175582,-77.00741386,38.99933294,10/6/22,,2,1,6,6,0,0,6,0,0,compliant,"(38.9993, -77.0074)"
17539,Victory Forest Apartments,10000 Brunswick Ave,Silver Spring,20910,174577,-77.0572447,39.01991734,9/15/22,,3,1,181,45,0,0,47,0,0,compliant,"(39.0199, -77.0572)"
17201,"Schrider Street, 8221",8221 Schrider St,Silver Spring,20910,174576,-77.01447464,38.99295949,9/16/22,,3,1,4,4,0,0,4,0,0,compliant,"(38.993, -77.0145)"
44851,Barrington Apartments,1901 East West Hwy,Silver Spring,20910,177012,-77.04249468,38.99826288,6/14/23,,3,1,415,104,1.77,1.84,21,0.08,0,at-risk,"(38.9983, -77.0425)"
17463,"Garland Avenue, 8302",8302 Garland Ave,Takoma Park,20912,177503,-77.00059457,38.99316631,3/14/23,,3,1,6,6,3.83,2.13,0,0,0,troubled,"(38.9932, -77.0006)"
38226,Corrigan Square,8511 Snouffer School Rd,Gaithersburg,20879,177423,-77.17521086,39.16834027,3/8/23,,3,1,106,5,0.8,2.2,2,0,0,at-risk,"(39.1683, -77.1752)"
17172,Twin Towers,1110 Fidler Ln,Silver Spring,20910,174564,-77.02924616,38.99626529,9/8/22,,3,1,345,82,0.54,0.71,56,0,0.01,compliant,"(38.9963, -77.0292)"
13612,"Spencerville Road, 2215",2215 Spencerville Rd,Spencerville,20868,178083,-76.96577038,39.11578007,4/13/23,,1,1,2,2,3.5,2.5,0,0,0,troubled,"(39.1158, -76.9658)"
17158,Arcola Towers,1135 University Blvd W,Silver Spring,20902,177514,-77.02869574,39.03634752,3/9/23,,3,1,141,35,0.22,0.09,32,0,0,compliant,"(39.0363, -77.0287)"
17650,"Glen, The",2399 Jones Ln,Silver Spring,20902,175477,-77.04987524,39.05365307,10/25/22,,3,1,90,23,2.43,1.62,2,0.08,0,troubled,"(39.0537, -77.0499)"
78103,2201 Spencerville Road,2201 Spencerville Rd,Spencerville,20868,177643,-76.96639421,39.11586534,3/17/23,,3,1,3,0,0,0,0,0,0,TBD,"(39.1159, -76.9664)"
17280,Sligo Terrace Apartments,8800 Manchester Rd,Silver Spring,20901,175572,-77.01026067,39.0003651,10/13/22,,2,1,54,15,2.86,2.74,0,0.13,0,troubled,"(39.0004, -77.0103)"
17295,Silver Spring House Apartments,555 Thayer Ave,Silver Spring,20910,175591,-77.01663517,38.99424419,11/9/22,,2,1,80,21,1.66,1.09,9,0.14,0,compliant,"(38.9942, -77.0166)"
17157,Nob Hill Apartments,9120 Piney Branch Rd,Silver Spring,20903,176707,-76.98916514,39.0008628,1/26/23,,3,1,396,96,2.47,1.57,25,0.11,0.02,troubled,"(39.0009, -76.9892)"
17974,Ken-Mil Apartments,9119 Manchester Rd,Silver Spring,20901,175968,-77.01170752,39.0043627,11/8/22,,1,1,66,17,2.52,1.82,4,0,0.05,troubled,"(39.0044, -77.0117)"
17589,Seneca Club Apartment,18065 Cottage Garden Dr,Germantown,20874,177053,-77.27728608,39.15318242,2/2/23,,3,1,378,88,1.01,1.73,28,0,0.02,at-risk,"(39.1532, -77.2773)"
17644,Drings Reach,3407 Robey Ter,Silver Spring,20904,177602,-76.93852234,39.08294004,3/16/23,,3,1,105,26,0.34,0.32,19,0,0,compliant,"(39.0829, -76.9385)"
17234,Paddington Square,8800 Lanier Dr,Silver Spring,20910,174502,-77.04847773,39.00027589,9/23/22,,3,1,165,53,2.88,2.03,6,0.05,0.24,troubled,"(39.0003, -77.0485)"
106762,Cider Mill,18205 LOST KNIFE CIR,MONTGOMERY VILLAGE,20886,177646,-77.20323491,39.15717753,6/6/23,,3,0,861,842,3.56,1.8,86,0.13,0.05,troubled,"(39.1572, -77.2032)"
139633,The Galaxy Apartments,8025 13TH ST,SILVER SPRING,20910,175579,0,0,11/1/22,,,0,195,97,0.65,0.94,54,0.03,0,compliant,"(0.0, 0.0)"
17527,Montgomery Club V,204 Water St,Gaithersburg,20877,175485,-77.20476446,39.13628373,10/25/22,,2,1,47,21,0,0,24,0,0,compliant,"(39.1363, -77.2048)"
17789,"Dale Drive, 523",523 Dale Dr,Silver Spring,20910,174519,-77.01729464,39.00038075,12/15/22,,3,1,4,2,0.5,0,2,0,0,compliant,"(39.0004, -77.0173)"
17352,"Garland Avenue, 8309",8309 Garland Ave,Takoma Park,20912,177505,-77.00009143,38.99370998,3/9/23,,3,1,6,6,0,0,6,0,0,compliant,"(38.9937, -77.0001)"
17570,"Quebec Terrace, 1010",1010 Quebec Ter,Silver Spring,20903,176676,-76.98941207,39.00025525,1/13/23,,1,1,14,5,1.2,3,0,0,0.2,troubled,"(39.0003, -76.9894)"
17493,"Kennebec Avenue, 811",811 Kennebec Ave,Takoma Park,20912,177580,-76.99983812,38.99022843,7/14/23,,3,1,1,1,1,1,0,0,0,compliant,"(38.9902, -76.9998)"
126293,8802 BRADFORD RD,8802 BRADFORD RD,SILVER SPRING,20901,175597,0,0,11/9/22,,,0,6,7,0.42,0.85,5,0,0,compliant,"(0.0, 0.0)"
17979,"Avondale Street, 4527",4527 Avondale St,Bethesda,20814,175585,-77.09346069,38.98629768,11/23/22,,2,1,4,0,0,0,0,0,0,TBD,"(38.9863, -77.0935)"
50688,"Garland Avenue, 8304",8304 Garland Ave,Takoma Park,20912,178078,-77.00061569,38.99335579,4/27/23,,1,1,6,8,2.5,2.35,0,0.5,0,troubled,"(38.9934, -77.0006)"
116970,The George,11141 GEORGIA AVE,SILVER SPRING,20902,178109,0,0,6/14/23,,,0,194,42,0.52,0.3,37,0,0,compliant,"(0.0, 0.0)"
17317,Woodfield Apartments LLC,23901 Woodfield Rd,Gaithersburg,20882,178111,-77.19298525,39.24942411,4/14/23,,3,1,4,4,1.25,1,2,0,0,compliant,"(39.2494, -77.193)"
17627,Timberlawn Crescent,5707 Luxemburg St,Rockville,20852,177518,-77.11549242,39.03038302,4/18/23,,3,1,107,27,0.14,0.22,23,0,0,compliant,"(39.0304, -77.1155)"
17303,Belvedere,2107 Belvedere Blvd,Silver Spring,20902,178085,-77.04491447,39.01947132,5/30/23,,1,1,93,89,2.43,1.14,28,0.1,0.03,at-risk,"(39.0195, -77.0449)"
17421,Blair Park Gardens,7700 Blair Rd,Takoma Park,20912,178086,-77.02397801,38.98315026,5/24/23,,1,1,74,70,1.82,1.18,20,0.01,0,compliant,"(38.9832, -77.024)"
17802,Stewartown Homes,9310 Merust Ln,Gaithersburg,20879,176708,-77.19257593,39.17842681,1/10/23,,3,1,94,13,0,0,13,0,0,compliant,"(39.1784, -77.1926)"
17002,"Nolte Avenue, 8212",8212 Nolte Ave,Silver Spring,20910,175577,-77.01353875,38.99323142,11/28/22,,2,1,2,0,0,0,0,0,0,TBD,"(38.9932, -77.0135)"
17016,"Garland Avenue, 8103",8103 Garland Ave,Takoma Park,20912,177531,-76.99887059,38.99078029,3/9/23,,3,1,1,1,0,0,1,0,0,compliant,"(38.9908, -76.9989)"
17643,Lenox Park,1400 East West Hwy,Silver Spring,20910,177048,-77.03339681,38.99370522,2/22/23,,3,0,407,101,1.25,0.95,53,0.01,0,compliant,"(38.9937, -77.0334)"
31124,Pond Ridge,18100 Pond Ridge Ct,Olney,20832,160128,-77.05019578,39.15563236,9/29/20,,3,1,40,0,0,0,0,0,0,TBD,"(39.1556, -77.0502)"
17167,Randolph Square,5307 Randolph Rd,Rockville,20852,177637,-77.10541038,39.05446025,3/23/23,,3,1,118,34,0.91,1.2,17,0,0.02,compliant,"(39.0545, -77.1054)"
17362,Park Montgomery,8860 Piney Branch Rd,Silver Spring,20903,175589,-76.99167459,39.00048055,11/8/22,,2,1,143,21,0.76,0.45,14,0,0,compliant,"(39.0005, -76.9917)"
61121,Wentworth House Apartments,5411 Mcgrath Blvd,Rockville,20852,176702,-77.10893141,39.04962189,1/31/23,,3,1,312,71,0.33,0.64,51,0,0,compliant,"(39.0496, -77.1089)"
17583,"Howard Avenue, 3738",3738 Howard Ave,Kensington,20895,174514,-77.07324577,39.02722568,10/17/22,,3,1,6,2,0,0,0,0,0,compliant,"(39.0272, -77.0732)"
17312,"Quebec Terrace, 1008",1008 Quebec Ter,Silver Spring,20903,177647,0,0,5/10/23,,1,1,14,11,6.36,2.22,0,0.27,0.09,troubled,"(0.0, 0.0)"
17683,"Plymouth Street, 8803",8803 Plymouth St,Silver Spring,20901,178074,-77.00697064,39.00063167,3/22/23,,2,1,6,6,0.66,0.83,4,0,0,compliant,"(39.0006, -77.007)"
17462,"Flower Avenue, 7905",7905 Flower Ave,Takoma Park,20912,177527,-77.0006966,38.98885006,3/14/23,,2,1,3,5,0.6,1,2,0,0,compliant,"(38.9889, -77.0007)"
85492,Aurora Apartments At North Bethesda Center,5401 Mc Grath Blvd,Rockville,20852,176730,-77.10835668,39.04903286,2/1/23,,3,1,341,73,0.15,0.27,62,0,0,compliant,"(39.049, -77.1084)"
17313,"Flower Avenue, 8207",8207 Flower Ave,Takoma Park,20912,175957,-77.00175912,38.9917358,10/27/22,,2,1,5,6,0.66,1.25,3,0,0,compliant,"(38.9917, -77.0018)"
17604,"Greenwood Avenue, 8206",8206 Greenwood Ave,Takoma Park,20912,174524,-77.00095342,38.99176049,9/20/22,,3,1,6,6,0.33,0.66,4,0,0,compliant,"(38.9918, -77.001)"
90468,10111 Darnestown Road,10111 Darnestown Rd,Rockville,20850,177610,-77.2081312,39.0980391,3/13/23,,3,1,1,2,0.5,0.5,1,0,0,compliant,"(39.098, -77.2081)"
105435,AHC Bucknell LLC,11500 BUCKNELL DR,SILVER SPRING,20902,178084,-77.04674329,39.04355684,5/18/23,,1,0,40,44,4.02,1.88,4,0.15,0.06,troubled,"(39.0436, -77.0467)"
118836,Yorkshire Apartments,11401 July Dr,Silver Spring,20904,177632,-76.98171871,39.04160138,3/29/25,,3,1,326,62,2.32,2,11,0.08,0.06,troubled,"(39.0416, -76.9817)"
126287,8800 PLYMOUTH ST,8800 PLYMOUTH ST,SILVER SPRING,20901,175971,0,0,11/9/22,,,0,6,6,0.5,0.55,4,0,0,compliant,"(0.0, 0.0)"
17508,"Thayer Avenue, 810",810 Thayer Ave,Silver Spring,20910,175973,-77.02301721,38.99271923,11/29/22,,1,1,3,4,3.75,1.4,0,0,0,at-risk,"(38.9927, -77.023)"
17488,"Silver Spring Avenue, 601",601 Silver Spring Ave,Silver Spring,20910,174570,-77.01354569,38.99249283,9/1/22,,3,1,4,5,2.6,1.93,1,0.2,0,troubled,"(38.9925, -77.0135)"
17495,"Long Branch Parkway, 7916",7916 Long Branch Pkwy,Takoma Park,20912,177614,-76.99678789,38.98803457,3/1/23,,3,1,3,4,0.75,1.5,2,0,0,compliant,"(38.988, -76.9968)"
65106,The Cameron,8710 Cameron St,Silver Spring,20910,178091,-77.02887794,38.99928292,5/17/23,,3,1,324,66,0.63,1,32,0,0,compliant,"(38.9993, -77.0289)"
17622,Somerset Apartments,3115 Hewitt Ave,Silver Spring,20906,174575,-77.06242536,39.08007551,9/27/22,,3,1,99,26,0.15,0.3,22,0,0,compliant,"(39.0801, -77.0624)"
112472,Woodvale,13831 Castle Blvd,Silver Spring,20904,174579,-76.94411233,39.082255,11/28/22,,3,1,376,108,3.04,1.87,14,0.1,0.01,troubled,"(39.0823, -76.9441)"
17709,Crystal Springs,14301 Georgia Ave,Silver Spring,20906,175955,-77.07807864,39.09121032,11/29/22,,1,1,435,420,1.98,1.46,122,0.08,0,compliant,"(39.0912, -77.0781)"
17442,"Greenwood Avenue, 8520",8520 Greenwood Ave,Takoma Park,20912,175466,-77.00212166,38.99647761,11/2/22,,3,1,3,3,1.33,1,1,0,0,compliant,"(38.9965, -77.0021)"
17266,Pooks Hill Towers,3 Pooks Hill Rd,Bethesda,20814,174494,-77.10548046,39.01383783,8/31/22,,3,1,239,57,0.84,1.08,27,0,0,compliant,"(39.0138, -77.1055)"
18570,8600 Apartments,8600 16Th St,Silver Spring,20910,174578,-77.04081339,38.99931505,9/20/22,,3,1,172,87,1.73,1.58,23,0.05,0.02,at-risk,"(38.9993, -77.0408)"
17575,Sandy Spring Meadows,1 Branchwood Ct,Sandy Spring,20860,177639,-77.02511362,39.15094549,4/3/23,,3,1,55,12,2.16,1.84,0,0,0.08,troubled,"(39.1509, -77.0251)"
126276,"Garland Avenue, 8311",8311 GARLAND AVE,TAKOMA PARK,20912,175584,0,0,11/9/22,,,0,6,0,0,0,0,0,0,TBD,"(0.0, 0.0)"
18231,"Houston Avenue, 809",809 Houston Ave,Takoma Park,20912,175967,-77.00080212,38.99107136,12/25/22,,2,1,2,3,1.33,2.25,0,0,0,at-risk,"(38.9911, -77.0008)"
17171,Cambridge Square,4901 Battery Ln,Bethesda,20814,177013,-77.09912375,38.99315175,5/15/23,,3,1,87,24,1.45,1.25,8,0,0,compliant,"(38.9932, -77.0991)"
17553,Shady Grove Apartments,16125 Crabbs Branch Way,Derwood,20855,176698,-77.15700506,39.11979875,1/18/23,,3,1,144,35,0.57,0.71,24,0,0,compliant,"(39.1198, -77.157)"
48102,Willow Manor At Colesville,601 Randolph Rd,Silver Spring,20904,174566,-77.02073589,39.06630748,8/25/22,,3,1,83,18,0.44,0.55,14,0,0,compliant,"(39.0663, -77.0207)"
17165,Strathmore House,3004 Bel Pre Rd,Silver Spring,20906,178106,-77.06127806,39.09098539,4/20/23,,3,1,210,58,2.34,1.68,11,0.01,0,troubled,"(39.091, -77.0613)"
65240,Barclay Development Corp,4716 Bradley Blvd,Chevy Chase,20815,177630,-77.09329101,38.97760488,3/30/23,,3,1,74,20,1,0.86,10,0.05,0,compliant,"(38.9776, -77.0933)"
17610,"Glenville Road, 8802",8802 Glenville Rd,Silver Spring,20901,177509,-76.99737853,38.99982737,2/27/23,,3,1,4,5,1.2,2.72,1,0,0,at-risk,"(38.9998, -76.9974)"
17594,Montclair Apartments LP,3525 Sheffield Manor Ter,Silver Spring,20904,177515,-76.9339077,39.08013913,4/11/23,,3,1,256,71,0.83,0.83,45,0,0,compliant,"(39.0801, -76.9339)"
28784,"Grand, The",5801 Nicholson Ln,Rockville,20852,178093,-77.11391794,39.04552334,5/16/23,,3,1,552,141,0.75,0.58,95,0,0,compliant,"(39.0455, -77.1139)"
17680,Kensington Gardens,3403 University Blvd W,Kensington,20895,176710,-77.06836713,39.03526564,1/12/23,,3,1,54,15,0.8,0.88,7,0,0.06,compliant,"(39.0353, -77.0684)"
16955,Courts Of Madison I,700 Sligo Ave,Silver Spring,20910,175478,-77.01671877,38.9903947,10/17/22,,3,1,38,39,1.51,1.18,14,0,0,compliant,"(38.9904, -77.0167)"
17198,Bradley View,4743 Bradley Blvd,Chevy Chase,20815,176699,-77.09422812,38.97868591,1/25/23,,3,1,34,9,0.77,0.47,7,0,0,compliant,"(38.9787, -77.0942)"
17823,"Glenville Road, 8806",8806 Glenville Rd,Silver Spring,20901,175576,-76.99725183,39.00002504,12/14/22,,2,1,8,9,1.22,1.69,1,0,0,at-risk,"(39.0, -76.9973)"
34400,"Lewis Drive, 10325",10325 Lewis Dr,Damascus,20872,178092,-77.21479232,39.28992934,4/12/23,,3,1,2,2,2,0,2,0,0,compliant,"(39.2899, -77.2148)"
17306,"Bonifant Street, 937",937 Bonifant St,Silver Spring,20910,174517,-77.02526948,38.99422068,8/11/22,,3,1,2,2,2.5,2.4,0,0,0,troubled,"(38.9942, -77.0253)"
17977,Barbizon Apartments,735 Sligo Ave,Silver Spring,20910,175586,-77.0197621,38.99067429,11/22/22,,2,1,74,20,1.65,1.55,7,0,0.25,troubled,"(38.9907, -77.0198)"
17741,"Avondale Street, 4516-4518",4516 Avondale St,Bethesda,20814,176686,-77.0930275,38.98592182,1/13/23,,1,1,5,0,0,0,0,0,0,TBD,"(38.9859, -77.093)"
17693,"Greenwood Avenue, 7815",7815 Greenwood Ave,Takoma Park,20912,175961,-76.99938075,38.98811971,11/9/22,,1,1,6,8,2.5,2.35,0,0.12,0.12,troubled,"(38.9881, -76.9994)"
50131,"Flower Avenue, 8407",8407 Flower Ave,Takoma Park,20912,176684,-77.00195621,38.99454466,1/3/23,,2,1,1,0,0,0,0,0,0,TBD,"(38.9945, -77.002)"
18151,Strathmore Apartments #2,7039 Strathmore St,Chevy Chase,20815,175609,-77.09298424,38.97976874,10/4/22,,3,1,4,4,0,0,4,0,0,compliant,"(38.9798, -77.093)"
17265,Friendly Gardens,2423 Lyttonsville Rd,Silver Spring,20910,175960,-77.05041394,39.00002645,11/22/22,,3,1,85,59,2.06,1.25,22,0.08,0.03,at-risk,"(39.0, -77.0504)"
95496,Paramount Properties Apartments,1004 Houston Ave,Takoma Park,20912,174500,-76.9990254,38.99188408,9/16/22,,3,1,4,6,1.83,1.53,2,0,0,at-risk,"(38.9919, -76.999)"
17972,Rock Creek Woods,13206 Twinbrook Pkwy,Rockville,20851,177634,-77.11331262,39.07190466,3/28/23,,3,1,257,62,1.08,1.34,26,0.01,0,compliant,"(39.0719, -77.1133)"
17335,"Glenville Road, 8811",8811 Glenville Rd,Silver Spring,20901,178081,-76.99643901,39.00007171,4/26/23,,1,1,7,9,1.55,1.38,2,0,0,compliant,"(39.0001, -76.9964)"
17528,"Flower Avenue, 8601",8601 Flower Ave,Takoma Park,20912,175958,-77.00285001,38.99674941,10/24/22,,2,1,4,6,1.83,1.66,2,0,0.16,at-risk,"(38.9967, -77.0029)"
17470,"Flower Avenue, 8605 & 8607",8605 Flower Ave,Takoma Park,20912,175959,-77.0028817,38.99686747,11/21/22,,1,1,6,5,4.6,2.17,0,0,0,troubled,"(38.9969, -77.0029)"
125165,The Crest on Hampton Hollow,3408 HAMPTON HOLLOW DR,SILVER SPRING,20904,178107,0,0,4/18/23,,,0,240,41,0.53,0.45,30,0.02,0,compliant,"(0.0, 0.0)"
18221,"Greenwood Avenue, 8105",8105 Greenwood Ave,Takoma Park,20912,174523,-76.99991554,38.9907913,9/20/22,,3,1,6,6,0.33,0.33,4,0,0,compliant,"(38.9908, -76.9999)"
17457,"Greenwood Avenue, 8107",8107 Greenwood Ave,Takoma Park,20912,175464,-77.00002457,38.9909066,10/11/22,,3,1,5,5,0,0,5,0,0,compliant,"(38.9909, -77.0)"
17943,Greenwood Mews,8211 Greenwood Ave,Takoma Park,20912,175966,-77.00074237,38.99255402,11/14/22,,2,1,1,0,0,0,0,0,0,TBD,"(38.9926, -77.0007)"
17767,"Patterson Court, 306",306 Patterson Ct,Takoma Park,20912,177611,-76.99664366,38.98751562,3/6/23,,3,1,5,7,0.42,1.07,2,0,0,compliant,"(38.9875, -76.9966)"
17355,Carroll Apartments,8733 Carroll Ave,Silver Spring,20903,175592,-76.99050305,38.99901977,10/11/22,,1,1,52,16,2.25,2.31,1,0.06,0,troubled,"(38.999, -76.9905)"
108674,"8809 PLYMOUTH STREET, LLC",8809 PLYMOUTH ST,SILVER SPRING,20901,176728,-77.00671033,39.00113415,1/13/23,,3,1,6,0,0,0,0,0,0,TBD,"(39.0011, -77.0067)"
17543,Ken Gar,10719 Shaftsbury St,Kensington,20895,176691,-77.0773898,39.03129215,1/11/23,,3,1,19,18,3.72,1.68,2,0,0.05,troubled,"(39.0313, -77.0774)"
118934,The Flats at Columbia Pike,11556 February Cir,Silver Spring,20904,176711,-76.97689723,39.04685913,1/17/23,,3,1,528,53,0.54,0.55,36,0.01,0,compliant,"(39.0469, -76.9769)"
17617,Oaks At Four Corners,321 University Blvd W,Silver Spring,20901,177051,-77.01722685,39.02354112,2/22/23,,3,1,120,28,0,0,28,0,0,compliant,"(39.0235, -77.0172)"
92816,"Garland Avenue, 8104",8104 Garland Ave,Takoma Park,20912,176690,-76.99959886,38.9908956,1/6/23,,3,1,1,1,0,0,1,0,0,compliant,"(38.9909, -76.9996)"
17166,Triangle Towers,4853 Cordell Ave,Bethesda,20814,177058,-77.0974307,38.99011244,3/21/23,,3,1,258,59,0.88,0.77,38,0,0,compliant,"(38.9901, -77.0974)"
17000,"Bradford Road, 8714",8714 Bradford Rd,Silver Spring,20901,174525,-77.00680521,38.9997503,10/4/22,,3,1,6,2,1.5,1.33,0,0,0,compliant,"(38.9998, -77.0068)"
17536,Damascus Gardens,9829 Bethesda Church Rd,Damascus,20872,175480,-77.20435052,39.28327526,11/30/22,,2,1,104,27,0.03,0,27,0,0,compliant,"(39.2833, -77.2044)"
17513,"Hampden Street, 4010",4010 Hampden St,Kensington,20895,176701,-77.08089687,39.03205581,12/27/22,,3,1,12,14,1.71,1.9,2,0,0,at-risk,"(39.0321, -77.0809)"
17445,Highland House West,4450 Park Ave S,Chevy Chase,20815,175476,-77.08843939,38.96280372,11/2/22,,3,1,309,73,0.3,0.89,47,0,0,compliant,"(38.9628, -77.0884)"
17690,"Nolte Avenue, 8207",8207 Nolte Ave,Silver Spring,20910,176687,-77.01291603,38.99336056,1/12/23,,2,1,7,6,1.16,1.3,1,0,0,compliant,"(38.9934, -77.0129)"
17535,"Glenville Road, 8808",8808 Glenville Rd,Silver Spring,20901,177510,-76.99714625,39.0001129,2/27/23,,3,1,4,5,1.4,2.7,2,0,0,at-risk,"(39.0001, -76.9971)"
17443,Foxhall Apartments,8715 Piney Branch Rd,Silver Spring,20901,175604,-76.99598163,38.99878119,10/25/22,,1,1,263,255,1.21,1.38,97,0.05,0.01,compliant,"(38.9988, -76.996)"
47208,"Chevy Chase Drive, 4810",4810 Chevy Chase Dr,Chevy Chase,20815,177020,-77.09516472,38.9767165,3/3/23,,3,1,3,0,0,0,0,0,0,TBD,"(38.9767, -77.0952)"
17963,FLOWER AVE,8615 FLOWER AVE,TAKOMA PARK,20912,175475,-77.00296262,38.99716678,10/11/22,,,0,4,3,2,1.33,1,0,0,compliant,"(38.9972, -77.003)"
17619,"Vassar Circle, 3",3 Vassar Cir,Glen Echo,20812,177577,-77.1439169,38.97072217,3/1/23,,3,1,1,0,0,0,0,0,0,TBD,"(38.9707, -77.1439)"
46079,Victory Terrace,9440 Newbridge Dr,Potomac,20854,176704,-77.19219409,39.01331293,1/12/23,,3,1,72,18,0.11,0.05,17,0,0,compliant,"(39.0133, -77.1922)"
17590,Apartments At Miramont,6040 California Cir,Rockville,20852,177008,-77.1251436,39.05646987,3/2/23,,3,1,299,78,0.7,1,46,0,0,compliant,"(39.0565, -77.1251)"
17597,"Schrider Street, 8209",8209 Schrider St,Silver Spring,20910,174513,-77.01401717,38.99263828,10/13/22,,3,1,4,4,0.25,2.25,1,0,0,at-risk,"(38.9926, -77.014)"
17422,The Willows,429 Diamond Ave W,Gaithersburg,20877,177433,-77.18747765,39.14149888,3/7/23,,3,1,195,0,0,0,0,0,0,TBD,"(39.1415, -77.1875)"
17970,"Hampden Lane, 4911",4911 Hampden Ln,Bethesda,20814,176720,-77.0969952,38.98289009,4/26/23,,3,1,6,6,1.83,0.72,2,0,0,compliant,"(38.9829, -77.097)"
142497,University Gardens I & II Apartments,440 UNIVERSITY BLVD E,SILVER SPRING,20901,178108,0,0,3/30/23,,,0,91,20,0.4,0.22,16,0,0,compliant,"(0.0, 0.0)"
116709,Vista at White Oak IV,11434 Lockwood Dr,Silver Spring,20904,174528,-76.98692204,39.0411793,9/13/22,,3,1,175,38,2.63,1.59,7,0.02,0.13,troubled,"(39.0412, -76.9869)"
78742,Victory Oaks At St. Camillus,721 Beacon Rd,Silver Spring,20903,175974,-76.98235812,39.00996865,10/27/22,,3,1,49,12,0.25,0.5,10,0,0,compliant,"(39.01, -76.9824)"
76069,Lasko Manor,4913 Hampden Ln,Bethesda,20814,176689,-77.09723444,38.98288989,3/2/23,,3,1,12,10,0.3,0,10,0,0,compliant,"(38.9829, -77.0972)"
142507,Takoma Place I,8503 FLOWER AVE,TAKOMA PARK,20912,177506,0,0,2/10/23,,,0,6,1,0,0,3,0,0,compliant,"(0.0, 0.0)"
18232,Oak Ridge Apartments,1014 Quebec Ter,Silver Spring,20903,176715,-76.98866607,39.0004803,3/23/23,,3,1,113,30,1.56,1.82,7,0.06,0,at-risk,"(39.0005, -76.9887)"
49049,Arbor Crest Of Silver Spring,12801 Old Columbia Pike,Silver Spring,20904,174565,-76.96324848,39.06495194,8/22/22,,3,1,80,22,1.13,0.94,14,0,0,compliant,"(39.065, -76.9632)"
42982,"Long Branch Parkway, 7920",7920 Long Branch Pkwy,Takoma Park,20912,177615,-76.99704825,38.9882789,3/1/23,,3,1,1,1,2,1,0,0,0,compliant,"(38.9883, -76.997)"
18246,Hamptons Phase I I I,19773 Crystal Rock Dr,Germantown,20874,168698,-77.26192142,39.18057265,11/9/22,,3,1,232,82,1.32,1.42,28,0.02,0,compliant,"(39.1806, -77.2619)"
45694,Hampshire Village,3210 Norbeck Rd,Silver Spring,20906,174504,-77.06517696,39.11095112,11/10/22,,3,1,110,18,1.16,1.49,7,0,0.11,compliant,"(39.111, -77.0652)"
17466,"Garland Avenue, 8306",8306 Garland Ave,Takoma Park,20912,177504,-77.00061569,38.99351226,3/14/23,,3,1,6,7,1.42,1.57,2,0,0,at-risk,"(38.9935, -77.0006)"
17447,"Greenwood Avenue, 8606",8606 Greenwood Ave,Takoma Park,20912,175965,-77.00244187,38.99735899,11/14/22,,2,1,3,3,2,1.55,1,0,0,at-risk,"(38.9974, -77.0024)"
18209,"Garland Avenue, 7911",7911 Garland Ave,Takoma Park,20912,177528,-76.99834289,38.98937447,3/6/23,,3,1,4,4,0.25,0.25,3,0,0,compliant,"(38.9894, -76.9983)"
17599,"Schrider Street, 8207",8207 Schrider St,Silver Spring,20910,174512,-77.01403118,38.99249825,10/11/22,,3,1,4,4,0,0,1,0,0,compliant,"(38.9925, -77.014)"
17199,Holly Hall,10100 New Hampshire Ave,Silver Spring,20903,178098,-76.97674977,39.02046675,3/30/23,,3,1,96,0,0,0,0,0,0,TBD,"(39.0205, -76.9767)"
112805,"8801 Plymouth St Apartments, LLC",8801 Plymouth Street,Silver Spring,20910,177508,0,0,2/21/23,,2,1,6,7,1.28,2.2,1,0,0,at-risk,"(0.0, 0.0)"
17366,Hampshire West,1432 Hampshire West Ct,Silver Spring,20903,177535,-76.9823585,39.00844206,3/16/23,,3,1,184,47,1.08,1.53,20,0.08,0,at-risk,"(39.0084, -76.9824)"
17412,The Point At Silver Spring,8750 Georgia Ave,Silver Spring,20910,174527,-77.03174873,38.9982196,12/20/22,,3,1,891,187,0.62,0.84,112,0.01,0,compliant,"(38.9982, -77.0317)"
61475,The Apartments At National Park Seminary,9615 Dewitt Dr,Silver Spring,20910,174562,-77.05618574,39.01160943,9/22/22,,3,1,66,17,0.23,0.73,12,0,0,compliant,"(39.0116, -77.0562)"
17279,Georgia West,8708 1St Ave,Silver Spring,20910,177575,-77.03263164,38.99772785,3/16/23,,3,1,107,27,1.55,0.99,12,0,0,compliant,"(38.9977, -77.0326)"
17686,"Ridge Road, 25930",25930 Ridge Rd,Damascus,20872,177644,-77.2121132,39.28248841,3/1/23,,3,1,2,2,0.5,1,1,0,0,compliant,"(39.2825, -77.2121)"
17315,Monterrey Apartments,7925 Chicago Ave,Silver Spring,20910,174568,-77.01911797,38.98960634,8/31/22,,3,1,23,26,1.65,1.7,8,0.11,0,at-risk,"(38.9896, -77.0191)"
17642,Crossway Community,3015 Upton Dr,Kensington,20902,176712,-77.06081429,39.04027188,1/20/23,,3,1,37,10,0,0,10,0,0,compliant,"(39.0403, -77.0608)"
17410,Glen Mont,4900 Battery Ln,Bethesda,20814,175599,-77.099129,38.99187501,10/18/22,,2,1,50,34,0.7,0.7,20,0.08,0,compliant,"(38.9919, -77.0991)"
17029,Courts Of Madison I I,641 Sligo Ave,Silver Spring,20910,174569,-77.01601174,38.99119105,9/20/22,,3,1,19,17,2.11,1.46,6,0,0.17,at-risk,"(38.9912, -77.016)"
17971,"Hampden Lane, 4909",4909 Hampden Ln,Bethesda,20814,176722,-77.09676654,38.98289576,4/26/23,,3,1,6,6,2,1.36,0,0,0,compliant,"(38.9829, -77.0968)"
18219,"Bonifant Street, 941-",941 Bonifant St,Silver Spring,20910,174515,-77.02549106,38.99407512,9/16/22,,3,1,2,3,1,1,2,0,0,compliant,"(38.9941, -77.0255)"
17242,Pine Ridge,8617 Piney Branch Rd,Silver Spring,20901,177522,-76.99949333,38.99647763,3/28/23,,3,1,155,43,0.86,0.85,22,0,0,compliant,"(38.9965, -76.9995)"
18217,"Bonifant Street, 939",939 Bonifant St,Silver Spring,20910,174516,-77.02537147,38.99412456,9/16/22,,3,1,2,1,2,1,0,0,0,compliant,"(38.9941, -77.0254)"
82884,The Premier,8711 Georgia Ave,Silver Spring,20910,177056,-77.02976077,38.99839308,2/15/23,,3,0,160,43,0.48,0.41,34,0,0,compliant,"(38.9984, -77.0298)"
17197,Elizabeth House,1400 Fenwick Ln,Silver Spring,20910,177534,-77.03286303,38.9967708,5/17/23,,3,1,160,0,0,0,0,0,0,TBD,"(38.9968, -77.0329)"
18568,Greenhills,10577 Tralee Ter,Damascus,20872,176713,-77.21528437,39.26973906,1/18/23,,3,1,77,16,0.5,0.58,11,0,0,compliant,"(39.2697, -77.2153)"
17236,Claridge House,2445 Lyttonsville Rd,Silver Spring,20910,177568,-77.05248887,38.9999172,4/17/23,,3,1,241,57,0.24,0.31,50,0,0,compliant,"(38.9999, -77.0525)"
90131,Enclave Silver Spring,11225 Oak Leaf Dr,Silver Spring,20901,176784,-76.99532831,39.03895774,2/7/23,,1,0,1119,1069,2.89,1.54,231,0.17,0.01,troubled,"(39.039, -76.9953)"
116708,Vista at White Oak V,11434 Lockwood Dr,Silver Spring,20904,174529,-76.98692204,39.0411793,9/12/22,,3,1,96,18,2.22,1.66,3,0,0.11,troubled,"(39.0412, -76.9869)"
16960,"Greenwood Avenue, 8309",8309 Greenwood Ave,Takoma Park,20912,177627,-77.00096052,38.99351502,3/27/23,,3,1,4,6,1.33,2,2,0,0,at-risk,"(38.9935, -77.001)"
17453,"Silver Spring Avenue, 515",515 Silver Spring Ave,Silver Spring,20910,174522,-77.01290895,38.99305854,12/2/22,,3,1,5,4,0.25,0,3,0,0,compliant,"(38.9931, -77.0129)"
17614,Scotland Community,7838 Scotland Dr,Potomac,20854,176731,-77.15922075,39.0314794,1/24/23,,3,1,75,19,0.52,0.6,14,0,0,compliant,"(39.0315, -77.1592)"
17323,"Bonifant Street, 828",828 Bonifant St,Silver Spring,20910,177625,-77.02284544,38.99472088,2/24/23,,2,1,3,3,0,0,3,0,0,compliant,"(38.9947, -77.0228)"
18000,"Main Street, 9863",9863 Main St,Damascus,20872,175605,-77.2033628,39.28821721,11/29/22,,2,1,4,4,0.5,0.62,3,0,0,compliant,"(39.2882, -77.2034)"
17999,"Piney Branch Road, 8202-8208",8202 Piney Branch Rd,Silver Spring,20910,177784,-77.00951249,38.99295789,3/30/23,,2,1,2,1,8,1.87,0,0,0,troubled,"(38.993, -77.0095)"
17233,Spring Gardens East,8007 Eastern Ave,Silver Spring,20910,174561,-77.03133167,38.98829588,9/15/22,,3,1,82,22,0.13,0.36,19,0,0,compliant,"(38.9883, -77.0313)"
17231,Wayne Manchester Towers,25 Wayne Ave E,Silver Spring,20901,176729,-77.00863143,38.99987649,1/17/23,,3,1,226,59,0.35,0.74,42,0.01,0,compliant,"(38.9999, -77.0086)"
17768,"Greenwood Avenue, 8109",8109 Greenwood Ave,Takoma Park,20912,174571,-77.00007738,38.99106036,8/24/22,,3,1,4,4,0.5,0.62,3,0,0,compliant,"(38.9911, -77.0001)"
44507,"Erie Avenue, 904",904 Erie Ave,Takoma Park,20912,177628,-76.9999261,38.98983302,3/1/23,,3,1,1,2,0.5,0.5,1,0,0,compliant,"(38.9898, -76.9999)"
17624,"Domer Avenue, 406",406 Domer Ave,Takoma Park,20912,177612,-77.00135817,38.99700481,3/24/23,,3,1,2,4,1,1,0,0,0,compliant,"(38.997, -77.0014)"
17512,"Flower Avenue, 8303",8303 Flower Ave,Takoma Park,20912,177585,-77.00192802,38.99288076,2/23/23,,3,1,6,7,3.57,1.64,0,0,0,troubled,"(38.9929, -77.0019)"
17320,"Greenwood Avenue, 8503",8503 Greenwood Ave,Takoma Park,20912,175964,-77.00120684,38.99525305,10/25/22,,1,1,5,7,2,1.27,2,0,0,compliant,"(38.9953, -77.0012)"
18243,Hamptons Phase I,19773 Crystal Rock Dr,Germantown,20874,177042,-77.26192142,39.18057265,4/18/23,,3,1,288,87,1.98,1.44,23,0,0.01,compliant,"(39.1806, -77.2619)"
17530,Magruders Discovery,10508 Westlake Dr,Bethesda,20817,177049,-77.14725465,39.0286108,2/16/23,,3,1,134,38,0.21,0.41,31,0,0,compliant,"(39.0286, -77.1473)"
17790,"Glenville Road, 8809",8809 Glenville Rd,Silver Spring,20901,178076,-76.99653048,38.99995089,4/18/23,,1,1,4,5,2.8,1.2,2,0.2,0,troubled,"(39.0, -76.9965)"
17376,Village Square West,12401 Village Square Ter,Rockville,20852,177059,-77.10913637,39.05843542,2/21/23,,3,1,403,101,0.57,0.82,66,0,0,compliant,"(39.0584, -77.1091)"
105478,Randolph Village Apartments,531 RANDOLPH RD,SILVER SPRING,20904,177422,-77.02025539,39.06753688,2/28/23,,3,1,130,2,0.5,0.5,1,0,0,compliant,"(39.0675, -77.0203)"
17585,Montgomery Club V I I,9901 Killarney Ln,Gaithersburg,20877,175486,-77.2061426,39.13368172,1/20/23,,1,1,112,110,1.35,1.24,43,0.05,0.01,compliant,"(39.1337, -77.2061)"
17310,University Manor,820 University Blvd E,Silver Spring,20903,177520,-76.99288739,38.99516036,4/13/23,,3,1,136,35,0.28,0.34,27,0,0,compliant,"(38.9952, -76.9929)"
144844,MD Tower LLC,10301 GROSVENOR PL,ROCKVILLE,20852,177009,0,0,2/2/23,,,0,236,49,1.48,0.83,24,0,0.02,compliant,"(0.0, 0.0)"
17687,Browning Avenue Apartments,906 Browning Ave,Takoma Park,20912,171964,-77.0008796,38.99620853,6/3/22,,1,1,16,16,1.25,1.37,5,0,0.06,compliant,"(38.9962, -77.0009)"
114098,"Houston Avenue, 808",808 HOUSTON AVE,TAKOMA PARK,20912,177579,0,0,3/1/23,,,0,3,4,1,1.12,2,0,0,compliant,"(0.0, 0.0)"
18130,Spring Parc Apartments,11 Featherwood Ct,Silver Spring,20904,174506,-76.97212474,39.05876998,10/31/22,,3,0,400,117,2.71,1.77,22,0.01,0.02,troubled,"(39.0588, -76.9721)"
39309,Churchill Senior Living,21000 Father Hurley Blvd,Germantown,20874,177576,-77.27383566,39.19048627,3/29/23,,3,1,121,22,0.36,0.48,17,0,0,compliant,"(39.1905, -77.2738)"
17020,"Greenwood Avenue, 8304",8304 Greenwood Ave,Takoma Park,20912,176705,-77.00148124,38.99307844,3/29/23,,3,1,1,2,1.5,2,0,0,0,at-risk,"(38.9931, -77.0015)"
17452,Holiday Park Townhouses,4115 Garrett Park Rd,Silver Spring,20906,175603,-77.08213885,39.04669766,10/19/22,,2,1,20,20,3.2,1.59,3,0.1,0,troubled,"(39.0467, -77.0821)"
65907,Meridian At Grosvenor Station,5230 Tuckerman Ln,Rockville,20852,177050,-77.10182219,39.02750085,2/21/23,,3,1,301,70,0.41,0.74,47,0,0,compliant,"(39.0275, -77.1018)"
17330,"Ruatan Street, 1056",1056 Ruatan St,Silver Spring,20903,177523,-76.98882807,38.99967311,2/27/23,,3,1,4,6,3,1.77,0,0,0,troubled,"(38.9997, -76.9888)"
17229,Washington Square,8343 Fairhaven Dr,Gaithersburg,20877,173289,-77.17102352,39.14463758,7/18/22,,3,1,50,14,3.64,2.1,0,0.21,0.07,troubled,"(39.1446, -77.171)"
17656,"Glenview Avenue, 8512",8512 Glenview Ave,Takoma Park,20912,177039,-77.00039054,38.99633212,2/6/23,,1,1,5,1,0,0,0,0,0,compliant,"(38.9963, -77.0004)"
17481,"Silver Spring Avenue, 511",511 Silver Spring Ave,Silver Spring,20910,174521,-77.01265914,38.99315466,9/6/22,,3,1,6,6,0.5,0.16,5,0,0,compliant,"(38.9932, -77.0127)"
41542,"Flower Avenue, 8509",8509 Flower Ave,Takoma Park,20912,177586,-77.00257907,38.99595594,2/16/23,,3,1,1,0,0,0,0,0,0,TBD,"(38.996, -77.0026)"
96425,"Plymouth Street, 8707",8707 Plymouth St,Silver Spring,20901,177592,-77.00734702,38.9995059,3/20/23,,3,1,6,8,3.25,1.52,0,0.12,0,troubled,"(38.9995, -77.0073)"
17586,"Fawcett Street, 10423",10423 Fawcett St,Kensington,20895,176703,-77.07373074,39.0264218,1/9/23,,3,1,3,0,0,0,0,0,0,TBD,"(39.0264, -77.0737)"
17514,9439 L L C,9437 Georgia Ave,Silver Spring,20910,175465,-77.04048278,39.00938351,9/28/22,,3,1,8,0,0,0,0,0,0,TBD,"(39.0094, -77.0405)"
17605,"Bonifant Street, 943",943 Bonifant St,Silver Spring,20910,175953,-77.02560013,38.9939982,11/7/22,,1,1,3,3,0.33,0.66,1,0,0,compliant,"(38.994, -77.0256)"
116502,Pinnacle at Town Center,19860 CENTURY BLVD,GERMANTOWN,20874,178090,0,0,4/19/23,,,0,328,80,1.35,1.3,29,0,0,compliant,"(0.0, 0.0)"
17235,Silver Spring Towers,816 Easley St,Silver Spring,20910,174526,-77.02341512,38.99375429,9/13/22,,3,1,432,69,0.28,0.41,54,0,0,compliant,"(38.9938, -77.0234)"
17163,Chevy Chase Lake North,3710 Manor Rd,Chevy Chase,20815,177023,-77.07136103,38.99761454,2/15/23,,3,1,67,0,0,0,0,0,0,TBD,"(38.9976, -77.0714)"
58698,"Garland Avenue, 8008",8008 Garland Ave,Takoma Park,20912,175583,-76.99913446,38.99010483,10/20/22,,2,1,3,4,0.25,0.5,3,0,0,compliant,"(38.9901, -76.9991)"
17439,7902 Garland Ave,7902 Garland Ave,Takoma Park,20912,177526,-76.99850829,38.9886963,2/16/23,,3,1,4,3,0,0,3,0,0,compliant,"(38.9887, -76.9985)"
17689,"Greenwood Avenue, 8108",8108 Greenwood Ave,Takoma Park,20912,178079,-77.00067196,38.99083523,4/24/23,,3,1,6,7,1.71,1.42,2,0,0,compliant,"(38.9908, -77.0007)"
136956,"Flower Avenue, 8607",8607 FLOWER AVE,TAKOMA PARK,20912,176529,0,0,12/19/22,,,0,3,3,5.33,2.18,0,0.66,0,troubled,"(0.0, 0.0)"
17606,8401 Flower Avenue,8401 Flower Ave,Takoma Park,20912,175484,-77.00185772,38.99414101,11/9/22,,2,1,6,6,0.16,0.33,5,0,0,compliant,"(38.9941, -77.0019)"
17191,White Oak Gardens,11600 Lockwood Dr,Silver Spring,20904,178104,-76.98396977,39.04191768,5/2/23,,2,1,352,92,2.01,1.71,22,0.04,0.04,troubled,"(39.0419, -76.984)"
95642,"Plymouth Street, 8710",8710 Plymouth St,Silver Spring,20901,175488,-77.00782913,38.99997812,11/2/22,,2,1,6,6,0.16,0.5,5,0.16,0,compliant,"(39.0, -77.0078)"
122520,Affinity on Georgia,8021 Georgia Ave,Silver Spring,20910,176724,-77.02592158,38.98778737,1/17/23,,3,1,210,49,0.91,0.89,27,0,0,compliant,"(38.9878, -77.0259)"
17389,Glen Aldon,4858 Battery Ln,Bethesda,20814,175574,-77.09767306,38.99234577,12/7/22,,2,1,66,14,0.5,1.07,7,0,0.07,compliant,"(38.9923, -77.0977)"
17374,"Bradford Road, 8800",8800 Bradford Rd,Silver Spring,20901,175608,-77.00661171,39.00038732,11/18/22,,3,1,6,6,0.16,0.33,5,0,0,compliant,"(39.0004, -77.0066)"
108368,Villaflores,8810 BRADFORD RD,SILVER SPRING,20901,177594,0,0,3/17/23,,3,1,6,7,3.85,1.92,0,0.14,0,troubled,"(0.0, 0.0)"
17564,Bethesda Hill,5114 Dudley Ln,Bethesda,20814,176714,-77.10267596,39.01417527,1/19/23,,3,1,194,51,1.47,1.74,10,0.01,0.01,at-risk,"(39.0142, -77.1027)"
90366,UNIVERSITY GARDENS II,440 University Blvd E,Silver Spring,20901,154467,-76.99808373,39.00757311,5/3/19,,3,0,27,7,0,0,7,0,0,compliant,"(39.0076, -76.9981)"
17203,Fields Of Silver Spring,2105 Hildarose Dr,Silver Spring,20902,169464,-77.04468058,39.0205098,11/10/21,,3,1,221,49,1.81,1.72,9,0,0.08,at-risk,"(39.0205, -77.0447)"
112859,4715 Cordell Avenue,4715 Cordell Ave,Bethesda,20814,161014,0,0,10/8/20,,2,1,32,30,0.93,0.33,24,0,0,compliant,"(0.0, 0.0)"
17180,Corona Apartments,714 Sligo Ave,Silver Spring,20910,171937,-77.01767567,38.99012275,4/26/22,,2,1,43,44,3.06,1.25,7,0.02,0.02,at-risk,"(38.9901, -77.0177)"
95488,1019-1025 Quebec Terrace,1019 Quebec Ter,Silver Spring,20903,157357,-76.9878392,39.00016724,8/13/19,,1,0,16,21,1.71,0.97,6,0.04,0,compliant,"(39.0002, -76.9878)"
17282,Tanglewood And Sligo LP,8902 Manchester Rd,Silver Spring,20901,166641,-77.01011209,39.00105478,9/15/21,,3,1,132,32,0.5,0.91,19,0.03,0.03,compliant,"(39.0011, -77.0101)"
17945,"Clayborn Avenue, 402",402 Clayborn Ave,Takoma Park,20912,160562,-77.00090425,38.99511303,8/3/21,,3,1,3,0,0,0,0,0,0,TBD,"(38.9951, -77.0009)"
17006,"Greenwood Avenue, 8509",8509 Greenwood Ave,Takoma Park,20912,161035,-77.00145315,38.99568686,1/27/21,,3,1,1,0,0,0,0,0,0,TBD,"(38.9957, -77.0015)"
45301,"Palisades, The",4835 Cordell Ave,Bethesda,20814,169495,-77.09739636,38.99068481,10/21/21,,3,1,311,78,0.11,0.15,72,0,0,compliant,"(38.9907, -77.0974)"
18019,"Easley Street, 731",731 Easley St,Silver Spring,20910,160564,-77.02088905,38.99445495,10/13/20,,3,1,4,0,0,0,0,0,0,TBD,"(38.9945, -77.0209)"
17432,"Garland Avenue, 8207",8207 Garland Ave,Takoma Park,20912,171031,-76.99950038,38.99230417,2/25/22,,3,1,3,4,0.75,1.16,2,0,0,compliant,"(38.9923, -76.9995)"
21574,Eaves Washingtonian Center,0000 Marathon Cir.,Gaithersburg,20878,171019,0,0,5/11/22,,3,1,288,60,0.9,0.58,43,0,0.01,compliant,"(0.0, 0.0)"
17290,Barclay One Associates,4716 Bradley Blvd,Chevy Chase,20815,169488,-77.09329101,38.97760488,10/20/21,,3,1,81,13,0.84,-0.09,14,0,0,compliant,"(38.9776, -77.0933)"
17623,"Kennebec Avenue, 900",900 Kennebec Ave,Takoma Park,20912,157641,-76.99977829,38.99063751,10/4/19,,1,0,3,3,1.33,0.66,1,0,0,compliant,"(38.9906, -76.9998)"
17593,Archstone Grosvenor Tower,10301 Grosvenor Pl,Rockville,20852,146685,-77.106558,39.0260085,6/20/18,,3,0,237,59,0.77,1,21,0,0,compliant,"(39.026, -77.1066)"
17788,"Greenwood Avenue, 8207",8207 Greenwood Ave,Takoma Park,20912,158815,-77.00053827,38.99217787,10/31/19,,2,0,3,4,0.75,1.33,0,0,0,compliant,"(38.9922, -77.0005)"
108315,Quest Arcadian,13615 COLGATE WAY,SILVER SPRING,20904,165400,0,0,3/22/21,,3,1,432,51,0.92,1.34,11,0,0,compliant,"(0.0, 0.0)"
17645,University Gardens,440 University Blvd E,Silver Spring,20901,173306,-76.99808373,39.00757311,7/15/22,,3,1,64,15,0,0,15,0,0,compliant,"(39.0076, -76.9981)"
17298,Mill Creek Garden Apartments,17654 Amity Dr,Gaithersburg,20877,161017,-77.16917367,39.14367382,9/3/20,,2,1,148,83,1.07,1.08,44,0.02,0.02,compliant,"(39.1437, -77.1692)"
17804,"Plymouth Street, 8715",8715 Plymouth St,Silver Spring,20901,159446,-77.00713246,39.00011,12/13/19,,2,0,4,4,1.75,2.28,0,0,0,at-risk,"(39.0001, -77.0071)"
17540,Bauer Park,14635 Bauer Dr,Rockville,20853,171046,-77.10873082,39.09579304,2/25/22,,3,1,142,35,0,0,35,0,0,compliant,"(39.0958, -77.1087)"
17334,"Greenwood Avenue, 8406",8406 Greenwood Ave,Takoma Park,20912,157658,-77.00156919,38.99464348,10/16/19,,2,0,4,4,1,1,2,0,0,compliant,"(38.9946, -77.0016)"
17960,"Prospect Street, 915",915 Prospect St,Takoma Park,20912,157649,-76.99850211,38.98947176,10/4/19,,2,0,3,3,1,0.44,2,0,0,compliant,"(38.9895, -76.9985)"
17636,Bethesda Place,7701 Woodmont Ave,Bethesda,20814,171040,-77.09662226,38.98629836,3/2/22,,3,1,100,25,0,0,25,0,0,compliant,"(38.9863, -77.0966)"
50466,The Rothbury Apartments,20120 Rothbury Ln,Montgomery Village,20886,171018,-77.1909868,39.18617846,3/3/22,,3,1,205,52,0.61,0.8,30,0,0,compliant,"(39.1862, -77.191)"
98966,The Montgomery,6425 Rock Forest Dr,Bethesda,20817,171027,-77.12808643,39.02988854,4/26/22,,3,1,386,96,0.59,0.96,56,0,0,compliant,"(39.0299, -77.1281)"
57228,"Erie Avenue, 910",910 Erie Ave,Takoma Park,20912,171025,-76.99960241,38.99011036,2/10/22,,3,1,2,1,0,0,2,0,0,compliant,"(38.9901, -76.9996)"
65836,"East West, 1200",1200 East West Hwy,Silver Spring,20910,147645,-77.03003192,38.99055127,6/19/18,,3,0,247,63,0.5,0.8,34,0,0,compliant,"(38.9906, -77.03)"
17019,"Maplewood Avenue, 800",800 Maplewood Ave,Takoma Park,20912,157683,-77.0006825,38.98851235,9/30/19,,2,0,4,3,0,0,4,0,0,compliant,"(38.9885, -77.0007)"
17304,"Plyers Mill Road, 4107",4107 Plyers Mill Rd,Kensington,20895,171035,-77.08063917,39.0314245,3/4/22,,3,1,12,12,0.91,1.5,3,0,0,compliant,"(39.0314, -77.0806)"
17253,White Oak Towers,11700 Old Columbia Pike,Silver Spring,20904,144806,-76.98058154,39.04849885,1/24/18,,3,0,414,101,1.12,1.06,41,0.04,0.02,compliant,"(39.0485, -76.9806)"
18228,"Houston Avenue, 806",806 Houston Ave,Takoma Park,20912,173293,-77.00117509,38.9914832,7/15/22,,3,1,5,7,2.28,1.37,2,0,0,at-risk,"(38.9915, -77.0012)"
17954,"Plymouth Street, 8800",8800 Plymouth St,Silver Spring,20901,158811,-77.00762514,39.00061791,10/31/19,,1,0,6,6,2,1.94,1,0,0,at-risk,"(39.0006, -77.0076)"
17319,"Greenwood Avenue, 8407",8407 Greenwood Ave,Takoma Park,20912,173299,-77.0009711,38.99453915,7/11/22,,3,1,3,3,0.33,0.66,2,0,0,compliant,"(38.9945, -77.001)"
17763,"Flower Avenue, 8503",8503 Flower Ave,Takoma Park,20912,160565,-77.00237495,38.99553033,2/16/22,,3,1,6,6,6.16,1.66,1,0.16,0,troubled,"(38.9955, -77.0024)"
88869,Flats 8300,8300 Wisconsin Ave,Bethesda,20814,159920,-77.09631935,38.99298114,2/27/20,,3,1,359,85,0.14,0.2,76,0,0,compliant,"(38.993, -77.0963)"
17702,The Encore At Wheaton Station,10898 Bucknell Dr,Silver Spring,20902,166640,-77.04674807,39.03474871,9/2/21,,3,1,182,59,0.45,0.77,39,0.01,0.01,compliant,"(39.0347, -77.0467)"
17613,"Clayborn Avenue, 403",403 Clayborn Ave,Takoma Park,20912,161029,-77.000862,38.99471762,7/20/21,,3,1,4,0,0,0,0,0,0,TBD,"(38.9947, -77.0009)"
18220,"Georgia Avenue, 20514 & 20520",20514 Georgia Ave,Brookeville,20833,146197,-77.06641833,39.19270623,3/8/18,,3,0,8,7,1.28,1.01,3,0,0.14,compliant,"(39.1927, -77.0664)"
17779,S Apartments,8710 Bradford Rd,Silver Spring,20901,160584,-77.00692833,38.99942631,2/3/21,,3,1,6,1,1,2,0,0,0,at-risk,"(38.9994, -77.0069)"
17759,"Houston Avenue, 904",904 Houston Ave,Takoma Park,20912,157637,-76.99992256,38.99170833,8/20/19,,2,0,1,0,0,0,0,0,0,TBD,"(38.9917, -76.9999)"
17228,Topaz House,4400 East West Hwy,Bethesda,20814,169496,-77.08988428,38.98468322,12/9/21,,3,1,360,87,0.22,0.37,72,0,0,compliant,"(38.9847, -77.0899)"
17409,Drake Apartments,4730 Bradley Blvd,Chevy Chase,20815,146171,-77.09361127,38.97773365,3/15/18,,3,0,47,19,0.31,1.06,8,0,0,compliant,"(38.9777, -77.0936)"
17574,Fawcett Apartments,10411 Fawcett St,Kensington,20895,158806,-77.07323122,39.02673424,11/25/19,,2,0,12,13,1.38,1.15,3,0,0,compliant,"(39.0267, -77.0732)"
17697,"Chevy Chase Drive, 4830",4830 Chevy Chase Dr,Chevy Chase,20815,169485,-77.09629012,38.97655083,10/14/21,,3,1,17,7,0.42,0.28,5,0,0,compliant,"(38.9766, -77.0963)"
17302,Parklane Apartments,8200 Spiceberry Cir,Gaithersburg,20877,166748,-77.16342629,39.1517717,5/10/22,,3,1,137,53,2.2,1.05,20,0.03,0.01,at-risk,"(39.1518, -77.1634)"
17517,"Ridge Drive, 6366, 6368 And 6370",6366 Ridge Dr,Bethesda,20816,171042,-77.12159998,38.94211058,2/22/22,,3,1,3,2,1,2,0,0,0,at-risk,"(38.9421, -77.1216)"
17175,"Avondale Street, 4526",4526 Avondale St,Bethesda,20814,171966,-77.09341442,38.98588311,4/14/22,,1,1,4,1,1,0,0,0,0,compliant,"(38.9859, -77.0934)"
33150,"Maplewood Avenue, 805",805 Maplewood Ave,Takoma Park,20912,161046,-76.99991908,38.98825149,7/28/21,,3,1,1,1,0,0,1,0,0,compliant,"(38.9883, -76.9999)"
17579,Canterbury,20019 Sweetgum Cir,Germantown,20874,159421,-77.27438804,39.18475103,1/15/20,,2,1,544,258,1.41,1.6,76,0,0,at-risk,"(39.1848, -77.2744)"
85739,The Residences At Thayer Avenue,814 Thayer Ave,Silver Spring,20910,169462,-77.02328107,38.9926945,10/7/21,,3,1,52,14,1.57,1.22,5,0,0,compliant,"(38.9927, -77.0233)"
17278,Glenmont Forest,2386 Glenmont Cir,Silver Spring,20902,166703,-77.04945791,39.05737677,7/14/21,,3,1,480,162,1.87,1.42,39,0.07,0.01,compliant,"(39.0574, -77.0495)"
17402,"Wisconsin Avenue, 8200",8200 Wisconsin Ave,Bethesda,20814,166759,-77.09639533,38.99192398,9/10/21,,3,1,245,64,0.68,0.74,41,0,0,compliant,"(38.9919, -77.0964)"
17806,"Thayer Avenue, 808",808 Thayer Ave,Silver Spring,20910,157699,-77.02282367,38.99272203,8/30/19,,1,0,2,2,0,0,2,0,0,compliant,"(38.9927, -77.0228)"
17232,Rock Creek Springs,8000 Eastern Dr,Silver Spring,20910,173292,-77.03221427,38.9890639,6/17/22,,3,1,215,42,1.33,0.9,18,0,0,compliant,"(38.9891, -77.0322)"
17556,Montgomery Paint Branch,11556 February Cir,Silver Spring,20904,144858,-76.97689723,39.04685913,2/7/18,,3,0,243,65,1.36,1.26,19,0.04,0.04,compliant,"(39.0469, -76.9769)"
17637,Burnt Mills Crossing,10713 Venetia Mill Cir,Silver Spring,20901,173310,-77.00267186,39.03079411,7/22/22,,3,1,96,23,0.13,0.11,21,0,0,compliant,"(39.0308, -77.0027)"
17529,"Prospect Street, 912",912 Prospect St,Takoma Park,20912,154233,-76.99825491,38.9897836,4/16/19,,3,0,3,3,0,0,4,0,0,compliant,"(38.9898, -76.9983)"
17765,"Garland Avenue, 8009",8009 Garland Ave,Takoma Park,20912,171020,-76.99872285,38.99020093,2/7/22,,3,1,5,5,2.8,2,0,0,0,troubled,"(38.9902, -76.9987)"
17465,"Sligo Avenue, 609",609 Sligo Ave,Silver Spring,20910,157627,-77.0132394,38.99155659,10/3/19,,1,0,4,4,1,1.5,0,0,0,compliant,"(38.9916, -77.0132)"
17281,Metro 710,710 Roeder Rd,Silver Spring,20910,165000,-77.02508097,38.99844363,11/15/21,,3,1,104,22,0.09,0.27,20,0,0,compliant,"(38.9984, -77.0251)"
17608,"Glenville Road, 8800",8800 Glenville Rd,Silver Spring,20901,170972,-76.99732224,38.99963788,2/25/22,,3,1,7,7,1.85,1.15,2,0,0,compliant,"(38.9996, -76.9973)"
50866,Elms At Germantown,20426 Apple Harvest Cir,Germantown,20876,159469,-77.24338276,39.19161243,2/5/20,,2,1,316,162,0.98,1.44,66,0,0,compliant,"(39.1916, -77.2434)"
18215,"Kennebec Avenue, 807",807 Kennebec Ave,Takoma Park,20912,157685,-77.00005626,38.99019822,9/30/19,,2,0,5,5,0,0,5,0,0,compliant,"(38.9902, -77.0001)"
17734,Glenmont Westerly,2309 Shorefield Rd,Silver Spring,20902,166704,-77.04971514,39.05304606,7/21/21,,3,1,100,32,0.9,1.28,10,0,0,compliant,"(39.053, -77.0497)"
80751,"Greenwood Ave, 8203",8203 Greenwood Ave,Takoma Park,20912,160568,-77.00040108,38.99183192,3/6/20,,3,1,1,3,1.33,2,0,0,0,at-risk,"(38.9918, -77.0004)"
17576,Towne Centre Place,3502 Morningwood Dr,Olney,20832,169476,-77.06941661,39.15144026,11/15/21,,3,1,49,37,0.62,0.39,28,0,0,compliant,"(39.1514, -77.0694)"
17318,Oxford Square,11902 Parklawn Pl,Rockville,20852,146564,-77.10213627,39.05118173,4/3/18,,3,0,167,45,1.88,1.47,5,0,0,compliant,"(39.0512, -77.1021)"
17601,"Greenwood Circle, 816",816 Greenwood Cir,Takoma Park,20912,161040,-77.00147414,38.99208452,9/25/20,,3,1,6,0,0,0,0,0,0,TBD,"(38.9921, -77.0015)"
48062,Bennington At Silver Spring,1215 East West Hwy,Silver Spring,20910,159527,-77.02934608,38.99115554,1/28/20,,3,1,223,53,1.32,0.93,24,0,0,compliant,"(38.9912, -77.0293)"
17984,"Avondale Street, 4500-4502",4500 Avondale St,Bethesda,20814,171969,-77.09224308,38.98599658,8/22/22,,2,1,7,1,2,0,0,0,0,compliant,"(38.986, -77.0922)"
17202,Forest Glen,9920 Georgia Ave,Silver Spring,20902,118337,0,0,3/26/14,,1,0,73,13,15.92,1.48,2,0,0,at-risk,"(0.0, 0.0)"
17641,The Villages At Decoverly,9901 Gable Ridge Ter,Rockville,20850,169474,-77.20521631,39.10839767,12/1/21,,3,1,564,135,0.56,1.13,73,0,0,compliant,"(39.1084, -77.2052)"
17551,"Sunrise Village House, LLC",19310 Club House Rd,Montgomery Village,20886,169477,-77.20271594,39.17364927,2/8/22,,3,1,68,12,0,0,17,0,0,compliant,"(39.1736, -77.2027)"
17433,"Flower Avenue, 8619",8619 Flower Ave,Takoma Park,20912,157676,-77.00299785,38.99730404,9/6/19,,1,0,5,6,0,0,4,0,0,compliant,"(38.9973, -77.003)"
17301,Sligo House Apartments,603 Sligo Ave,Silver Spring,20910,159458,-77.01366742,38.99129111,1/6/20,,2,0,64,30,1.86,1.64,4,0.1,0,at-risk,"(38.9913, -77.0137)"
17706,Blair Park,7721 Eastern Ave,Takoma Park,20912,160561,-77.02443147,38.98291232,10/6/20,,3,1,52,2,1.5,2,0,0,0,at-risk,"(38.9829, -77.0244)"
17962,"Garland Avenue, 8312",8312 Garland Ave,Takoma Park,20912,159476,-77.00058053,38.99431126,1/10/20,,2,0,3,3,0.66,0.66,1,0,0,compliant,"(38.9943, -77.0006)"
17498,"Long Branch Parkway, 7904",7904 Long Branch Pkwy,Takoma Park,20912,170992,-76.99587322,38.98760617,2/11/22,,3,1,3,3,4,1.38,1,0,0,at-risk,"(38.9876, -76.9959)"
17761,"Dale Drive, 527",527 Dale Dr,Silver Spring,20910,158804,-77.01735099,39.00060315,11/20/19,,2,0,10,10,1.3,1.23,2,0,0,compliant,"(39.0006, -77.0174)"
17646,Alexander House,8560 2Nd Ave,Silver Spring,20910,169467,-77.03234597,38.99615465,1/11/22,,3,1,305,70,0.34,0.43,49,0,0,compliant,"(38.9962, -77.0323)"
17449,"Greenwood Circle, 812",812 Greenwood Cir,Takoma Park,20912,161039,-77.00133694,38.99174953,9/25/20,,3,1,6,2,1,1,0,0,0,compliant,"(38.9917, -77.0013)"
17155,Charter House,1316 Fenwick Ln,Silver Spring,20910,144869,-77.03130498,38.99729165,1/30/18,,3,0,213,213,1.77,1.25,69,0.15,0,compliant,"(38.9973, -77.0313)"
17684,"Garland Avenue, 7903",7903 Garland Ave,Takoma Park,20912,171011,-76.99791721,38.98881983,2/1/22,,3,1,8,8,2.25,1.27,2,0,0,at-risk,"(38.9888, -76.9979)"
17688,"Garland Avenue, 8203",8203 Garland Ave,Takoma Park,20912,171032,-76.99937724,38.99203236,2/25/22,,3,1,6,6,1.33,1.87,1,0,0,at-risk,"(38.992, -76.9994)"
17490,"Frederick Road, 25901",25901 Frederick Rd,Clarksburg,20871,169484,-77.31459718,39.28139379,10/12/21,,3,1,2,3,4.66,1.57,0,0,0,troubled,"(39.2814, -77.3146)"
17726,"Glenville Road, 8810",8810 Glenville Rd,Silver Spring,20901,154056,0,0,4/17/19,,3,0,3,3,1.33,0.66,1,0,0,compliant,"(0.0, 0.0)"
17270,Croydon Manor Apartments,104 Croydon Ct,Silver Spring,20901,173304,-77.01197357,39.00394021,7/29/22,,3,1,96,23,1.26,0.96,9,0.04,0,compliant,"(39.0039, -77.012)"
116700,Heritage at Water's Landing,20700 Crystal Hill Cir,Germantown,20874,171956,-77.27640881,39.1980251,7/7/22,,2,1,300,292,1.57,1.39,88,0,0,compliant,"(39.198, -77.2764)"
43262,"Moore Road, 17320",17320 Moore Rd,Boyds,20841,154463,-77.36482026,39.16843025,3/29/19,,3,0,2,2,0,0,2,0,0,compliant,"(39.1684, -77.3648)"
52794,Cinnamon Run,14120 Weeping Willow Dr,Silver Spring,20906,171962,-77.06564945,39.08830481,6/21/22,,3,1,511,882,2.06,1.39,280,0.09,0.01,at-risk,"(39.0883, -77.0656)"
17289,Strathmore Apartments,7025 Strathmore St,Chevy Chase,20815,159462,-77.09280431,38.97935703,1/3/20,,2,0,28,14,0.14,0.21,12,0,0,compliant,"(38.9794, -77.0928)"
17489,"Prospect Street, 918",918 Prospect St,Takoma Park,20912,154234,-76.99806492,38.9898138,4/8/19,,3,0,2,2,0,0,2,0,0,compliant,"(38.9898, -76.9981)"
17349,"Quebec Terrace, 1033-1045",1033 Quebec Ter,Silver Spring,20903,169455,-76.98641055,39.00040869,1/13/22,,1,1,28,27,4.55,1.45,0,0.07,0.03,at-risk,"(39.0004, -76.9864)"
50345,"Houston Avenue, 807",807 Houston Ave,Takoma Park,20912,160580,-77.00097105,38.99103839,8/13/21,,3,1,2,2,1,1.5,0,0,0,compliant,"(38.991, -77.001)"
23359,Strathmore Court At White Flint,5440 Marinelli Rd,Rockville,20852,171038,-77.11024111,39.04721271,3/2/22,,3,1,202,48,0.83,1.03,27,0,0,compliant,"(39.0472, -77.1102)"
17602,"Garland Avenue, 8313",8313 Garland Ave,Takoma Park,20912,170996,-77.00010907,38.99403397,2/18/22,,3,1,6,7,2,1.78,1,0,0,at-risk,"(38.994, -77.0001)"
46159,Rosedale Park,4720 Rosedale Ave,Bethesda,20814,170969,-77.09550922,38.99233107,3/9/22,,3,1,164,41,0.51,1.19,22,0,0,compliant,"(38.9923, -77.0955)"
17284,"Silver Spring Avenue, 761",761 Silver Spring Ave,Silver Spring,20910,158830,-77.02173979,38.99207427,11/6/19,,2,0,3,2,0.5,1,1,0,0,compliant,"(38.9921, -77.0217)"
17981,"Avondale Street, 4504-4506",4504 Avondale St,Bethesda,20814,169492,-77.0924154,38.98598,10/14/21,,3,1,7,8,2.12,1.36,2,0,0,at-risk,"(38.986, -77.0924)"
84793,Bainbridge Bethesda,4918 St Elmo Ave,Bethesda,20814,171050,-77.09753744,38.9883591,2/17/22,,3,1,200,46,0.34,0.86,31,0,0,compliant,"(38.9884, -77.0975)"
17464,"Garland Avenue, 8307",8307 Garland Ave,Takoma Park,20912,170997,-77.00003868,38.99355619,2/18/22,,3,1,6,7,1.14,1.73,2,0,0,at-risk,"(38.9936, -77.0)"
17164,Preston Place Townhouses,3710 Manor Rd,Chevy Chase,20815,169486,-77.07136103,38.99761454,10/21/21,,3,1,67,17,0,0,17,0,0,compliant,"(38.9976, -77.0714)"
17988,Inverness Townhomes,7801 Coddle Harbor Ln,Potomac,20854,169457,-77.15922707,39.04285661,10/4/21,,1,0,1,0,0,0,0,0,0,TBD,"(39.0429, -77.1592)"
17532,Tilbury Garden Apartments,7806 Tilbury St,Bethesda,20814,171971,-77.09405507,38.988815,5/3/22,,1,1,30,30,0.83,1.06,18,0,0,compliant,"(38.9888, -77.0941)"
45214,Whitney At Bethesda Theatre,7707 Wisconsin Ave,Bethesda,20814,171048,-77.09469854,38.9869032,2/16/22,,3,1,253,57,0.07,0.14,53,0,0,compliant,"(38.9869, -77.0947)"
17361,Amherst Gardens,11430 Amherst Ave,Silver Spring,20902,161023,-77.04807276,39.04193808,10/28/20,,1,0,22,1,1,1,0,0,0,compliant,"(39.0419, -77.0481)"
17297,Colesville Towers,8811 Colesville Rd,Silver Spring,20910,161019,-77.02509898,38.99965719,10/15/20,,2,1,272,103,0.92,1.14,48,0.09,0,compliant,"(38.9997, -77.0251)"
128683,Tamarron,18101 MARKSMAN CIR,OLNEY,20832,166754,0,0,11/4/21,,,0,132,35,0.71,1.12,21,0,0,compliant,"(0.0, 0.0)"
17178,Montgomery Arms,8700 Colesville Rd,Silver Spring,20910,165003,-77.02769877,38.99832769,9/22/21,,3,1,129,30,0.03,0.13,28,0,0,compliant,"(38.9983, -77.0277)"
17436,"Domer Avenue, 311",311 Domer Ave,Takoma Park,20912,157651,-77.0023715,38.99645288,10/2/19,,1,0,8,8,0.62,0.52,5,0,0,compliant,"(38.9965, -77.0024)"
17720,"Bradford Road, 8806",8806 Bradford Rd,Silver Spring,20901,173301,-77.00645691,39.00086783,7/22/22,,3,1,6,6,0.33,0.5,4,0,0,compliant,"(39.0009, -77.0065)"
95494,Dale Apartments,524 Thayer Ave,Silver Spring,20910,157626,-77.01416157,38.99334393,10/2/19,,1,0,26,29,1.96,1.5,5,0.06,0,compliant,"(38.9933, -77.0142)"
17531,Londonderry Towers,17060 King James Way,Gaithersburg,20877,146558,-77.20721441,39.13652903,6/6/18,,3,0,150,37,0.16,0.51,31,0.1,0.02,compliant,"(39.1365, -77.2072)"
17484,"Longbranch Parkway, 7906",7906 Long Branch Pkwy,Takoma Park,20912,157695,-76.99601748,38.9877078,8/30/19,,2,0,3,3,0,0,3,0,0,compliant,"(38.9877, -76.996)"
88246,Yorkshire II,11401 July Dr,Silver Spring,20904,171039,-76.98171871,39.04160138,2/17/22,,3,1,97,19,1.57,1.08,10,0.05,0,compliant,"(39.0416, -76.9817)"
17384,Battery Gardens,4918 Battery Ln,Bethesda,20814,171970,-77.09956519,38.99181699,5/27/22,,2,0,62,64,2,1.55,14,0,0,at-risk,"(38.9918, -77.0996)"
17307,"Garland Avenue, 8215",8215 Garland Ave,Takoma Park,20912,159437,0,0,12/30/19,,1,0,4,5,0.8,1.65,2,0,0,at-risk,"(0.0, 0.0)"
18223,"Garland Avenue, 8305",8305 Garland Ave,Takoma Park,20912,159475,-76.99999643,38.99338595,2/7/20,,2,0,6,5,0,0,5,0,0,compliant,"(38.9934, -77.0)"
113035,Oak Mill Apartments,20010 Frederick Rd,Germantown,20876,157508,0,0,6/29/19,,3,0,400,373,1.13,1.35,121,0.02,0.03,compliant,"(0.0, 0.0)"
61346,Upstairs At Bethesda Row,7131 Arlington Rd,Bethesda,20814,171021,-77.09840741,38.98125469,4/18/22,,3,1,180,45,0.31,0.98,28,0,0,compliant,"(38.9813, -77.0984)"
18208,"Greenwood Avenue, 8516",8516 Greenwood Ave,Takoma Park,20912,160576,-77.00219205,38.99627717,1/27/21,,3,1,3,0,0,0,0,0,0,TBD,"(38.9963, -77.0022)"
17288,"Avondale Street, 4523",4523 Avondale St,Bethesda,20814,159423,-77.09327428,38.98631979,1/14/20,,2,0,4,4,0.5,4,0,0,0,at-risk,"(38.9863, -77.0933)"
17347,Glenmont Crossing,2100 Georgian Woods Pl,Silver Spring,20902,164403,-77.04482214,39.05477197,3/12/21,,2,1,97,49,0.59,1.03,24,0,0.04,compliant,"(39.0548, -77.0448)"
17448,Ashford At Woodlake,14175 Castle Blvd,Silver Spring,20904,106412,0,0,6/12/12,,1,0,534,1,0,0,1,0,0,compliant,"(0.0, 0.0)"
16472,"Garland Avenue, 7803",7803 Garland Ave,Takoma Park,20912,158828,-76.99724174,38.98771607,11/15/19,,2,0,1,0,0,0,0,0,0,TBD,"(38.9877, -76.9972)"
86953,Pallas,11550 Old Georgetown Rd,Rockville,20852,160559,-77.11883193,39.04895877,10/22/20,,3,1,319,0,0,0,0,0,0,compliant,"(39.049, -77.1188)"
17485,"Flower Avenue, 8001",8001 Flower Ave,Takoma Park,20912,170971,-77.00075991,38.9889736,2/14/22,,3,1,1,2,1,3,0,0,0,at-risk,"(38.989, -77.0008)"
17296,Cole Spring Plaza,1001 Spring St,Silver Spring,20910,171022,-77.0265768,38.99953332,4/6/22,,3,1,278,62,0.33,0.46,48,0,0,compliant,"(38.9995, -77.0266)"
17285,"Greenwood Ave, 8515 & Browning Ave, 400",8515 Greenwood Ave,Takoma Park,20912,171918,-77.00145316,38.99617836,5/24/22,,2,1,24,24,2.45,1.31,5,0.04,0,at-risk,"(38.9962, -77.0015)"
17607,"Quebec Terrace, 1017",1017 Quebec Ter,Silver Spring,20903,169451,-76.98820513,39.00011234,10/12/21,,1,0,4,4,1.75,1.6,1,0,0,at-risk,"(39.0001, -76.9882)"
17161,"Schuyler Rd., 100-102",100 Schuyler Rd,Silver Spring,20901,160585,-77.0117742,39.00324794,2/25/20,,3,1,26,25,1.68,2.11,3,0.12,0,at-risk,"(39.0032, -77.0118)"
94216,Lakeview House,10250 WESTLAKE DR,BETHESDA,20817,165392,0,0,6/17/21,,,0,152,0,0,0,0,0,0,TBD,"(0.0, 0.0)"
17483,"Garland Avenue, 8101",8101 Garland Ave,Takoma Park,20912,171016,-76.998948,38.99059634,2/9/22,,3,1,5,6,2,1.27,2,0,0,compliant,"(38.9906, -76.9989)"
17631,Yorkshire I,11401 July Dr,Silver Spring,20904,154261,-76.98171871,39.04160138,4/24/19,,3,0,228,79,0.44,0.82,51,0,0,compliant,"(39.0416, -76.9817)"
96607,910 KENNEBEC AVE,910 Kennebec Ave,Takoma Park,20912,158814,-76.99942298,38.99061006,10/24/19,,1,0,3,3,0,0,3,0,0,compliant,"(38.9906, -76.9994)"
17162,Hermitage Square,3213 Hewitt Ave,Silver Spring,20906,159927,-77.0643646,39.0798188,2/18/20,,3,1,131,37,2.51,1.5,9,0.02,0,at-risk,"(39.0798, -77.0644)"
17985,"Garland Avenue, 8311",8311 Garland Ave,Takoma Park,20912,154052,-77.00010199,38.99386645,5/1/19,,2,0,6,7,2.14,1.47,2,0.14,0,at-risk,"(38.9939, -77.0001)"
18216,"Houston Avenue, 811",811 Houston Ave,Takoma Park,20912,171927,-77.00059455,38.99110428,4/7/21,,2,1,4,3,2.66,2.12,0,0,0,troubled,"(38.9911, -77.0006)"
17766,"Greenwood Avenue, 8500",8500 Greenwood Ave,Takoma Park,20912,157669,-77.00174516,38.99505537,9/17/19,,1,0,5,7,1.14,1.25,2,0,0,compliant,"(38.9951, -77.0017)"
17291,Garland Towers,8221 Garland Ave,Takoma Park,20912,170994,-76.99966925,38.9927215,3/7/22,,3,1,25,6,0.16,0.16,5,0,0,compliant,"(38.9927, -76.9997)"
17156,Greenwood Terrace,8502 Greenwood Ave,Takoma Park,20912,160577,-77.00189292,38.99541504,11/19/20,,3,1,47,0,0,0,0,0,0,TBD,"(38.9954, -77.0019)"
17276,Halpine View,13013 Crookston Ln,Rockville,20851,171044,-77.11128588,39.06867449,3/24/22,,3,1,562,158,1.15,1.17,68,0.02,0,compliant,"(39.0687, -77.1113)"
17519,Waverly House,4521 East West Hwy,Bethesda,20814,170970,-77.09222825,38.985431,4/19/22,,3,1,157,31,0.03,0.06,30,0,0,compliant,"(38.9854, -77.0922)"
18227,"Holstein Street, 7902",7902 Holstein St,Takoma Park,20912,157694,-76.99925761,38.98856176,8/27/19,,1,0,2,1,2,1.5,0,0,0,compliant,"(38.9886, -76.9993)"
17744,"Greenwood Avenue, 8220",8220 Greenwood Ave,Takoma Park,20912,157679,-77.00116101,38.99244143,8/28/19,,1,0,5,7,1.14,0.35,5,0,0,compliant,"(38.9924, -77.0012)"
17456,"Thayer Avenue, 809",809 Thayer Ave,Silver Spring,20910,169453,-77.02286961,38.99336728,10/14/21,,1,0,3,4,1,1,0,0,0,compliant,"(38.9934, -77.0229)"
45287,Avalon At Grosvenor Station,10306 Strathmore Hall St,Rockville,20852,165265,-77.10166237,39.02582996,7/28/22,,3,1,497,111,0.72,0.86,66,0,0,compliant,"(39.0258, -77.1017)"
17386,"Quebec Terrace, 1005-07-09",1005 Quebec Ter,Silver Spring,20903,169450,-76.98912357,38.99983514,10/5/21,,1,0,12,12,1.16,1,6,0.08,0,compliant,"(38.9998, -76.9891)"
17260,Aspen Hill Apartments,13515 Georgia Ave,Silver Spring,20906,164995,-77.07014321,39.07942551,8/11/21,,3,1,202,60,1.25,1.72,11,0.01,0,at-risk,"(39.0794, -77.0701)"
17327,Manor Apartments,25801 Wright Rd,Damascus,20872,158824,-77.21008883,39.28007047,12/3/19,,2,0,3,2,1.5,2.33,0,0,0,at-risk,"(39.2801, -77.2101)"
17397,Middlebrooke,5015 Battery Ln,Bethesda,20814,159926,-77.10337129,38.99131122,2/6/20,,2,0,84,39,0.69,0.77,23,0,0,compliant,"(38.9913, -77.1034)"
17819,"Greenwood Avenue, 8400",8400 Greenwood Ave,Takoma Park,20912,173296,-77.00151289,38.99413278,7/11/22,,3,1,5,5,1,0.72,3,0,0,compliant,"(38.9941, -77.0015)"
17014,"Glenville Road, 8804",8804 Glenville Rd,Silver Spring,20901,170973,-76.99737151,38.99992619,2/25/22,,3,1,4,4,1.75,1.6,1,0,0,at-risk,"(38.9999, -76.9974)"
17429,"Flower Avenue, 8627",8627 Flower Ave,Takoma Park,20912,157677,-77.00305062,38.99757585,9/3/19,,1,0,5,5,0.6,1.06,3,0,0,compliant,"(38.9976, -77.0031)"
17729,"Avondale Street, 4534 & 4536",4534 Avondale St,Bethesda,20814,157653,-77.09380136,38.98585259,9/30/19,,1,0,4,5,1,0.96,2,0,0,compliant,"(38.9859, -77.0938)"
106982,Cherry Knolls Apartment,18832 BENT WILLOW CIR,GERMANTOWN,20874,169482,0,0,12/1/21,,3,1,300,81,0.98,1.59,29,0.03,0,at-risk,"(0.0, 0.0)"
17628,The Verandahs Apartments,9300 Willow Creek Dr,Montgomery Village,20886,171973,0,0,9/1/22,,1,1,185,149,1.01,0.77,91,0.02,0,compliant,"(0.0, 0.0)"
17708,"Houston Avenue, 805",805 Houston Ave,Takoma Park,20912,160578,-77.00114694,38.99100546,7/22/21,,3,1,4,2,1,1.5,0,0,0,compliant,"(38.991, -77.0011)"
17438,"Flower Avenue, 8011",8011 Flower Ave,Takoma Park,20912,157680,-77.00082677,38.9897424,10/2/19,,1,0,4,4,2,1.5,1,0,0,compliant,"(38.9897, -77.0008)"
18013,Kensington House,10225 Frederick Ave,Kensington,20895,159919,-77.0694874,39.02467999,2/19/20,,2,1,138,127,1.77,1.17,40,0.05,0,compliant,"(39.0247, -77.0695)"
17400,Kentwood Apartments,4750 Chevy Chase Dr,Chevy Chase,20815,171023,-77.09389469,38.9765775,2/11/22,,3,1,62,12,0.25,0.33,10,0,0,compliant,"(38.9766, -77.0939)"
18236,Prospect House,921 Prospect St,Takoma Park,20912,157650,-76.99781866,38.98939371,9/11/19,,2,0,4,1,0,0,1,0,0,compliant,"(38.9894, -76.9978)"
17256,Forest Park Apartment,9316 Piney Branch Rd,Silver Spring,20903,171029,-76.98663694,39.00130422,3/30/22,,3,0,191,47,2.4,1.81,10,0.06,0.04,troubled,"(39.0013, -76.9866)"
17733,Oakfield Apartments - Phase II,2217 Georgian Way,Silver Spring,20902,169468,-77.0466155,39.05455999,1/26/22,,3,1,371,94,2.01,1.37,26,0.05,0.03,at-risk,"(39.0546, -77.0466)"
76320,Solaire Metro Apartments,1150 Ripley St,Silver Spring,20910,169465,-77.02878366,38.99232808,11/16/21,,3,1,295,72,0.26,0.42,57,0,0,compliant,"(38.9923, -77.0288)"
18135,"White Ground Road, 17700",17700 White Ground Rd,Boyds,20841,157689,-77.34751393,39.15135843,9/9/19,,1,0,2,2,0,0,3,0,0,compliant,"(39.1514, -77.3475)"
17326,"Greenwood Avenue, 8402",8402 Greenwood Ave,Takoma Park,20912,161032,-77.00153756,38.99431678,1/27/21,,3,1,5,1,1,1,0,0,0,compliant,"(38.9943, -77.0015)"
17648,"Clayborn Avenue, 405",405 Clayborn Ave,Takoma Park,20912,161030,-77.00061924,38.99469018,7/13/21,,3,1,4,1,1,3,0,0,0,at-risk,"(38.9947, -77.0006)"
17544,Parkway Woods,12933 Twinbrook Pkwy,Rockville,20851,169470,-77.11411882,39.06832077,11/19/21,,3,1,24,6,3.33,1.54,1,0,0,troubled,"(39.0683, -77.1141)"
38968,Pinnacle Town Center,19860 Century Blvd,Germantown,20874,154249,-77.2648362,39.18233333,5/2/19,,3,0,328,86,0.69,1.01,41,0,0,compliant,"(39.1823, -77.2648)"
17492,"Greenwood Avenue, 8409",8409 Greenwood Ave,Takoma Park,20912,161033,-77.00111183,38.9947231,1/27/21,,3,1,3,0,0,0,0,0,0,TBD,"(38.9947, -77.0011)"
79547,Citron Apartments,815 Pershing Dr,Silver Spring,20910,171034,-77.02366273,38.99773001,2/22/22,,3,1,222,55,0.47,0.58,39,0.03,0.01,compliant,"(38.9977, -77.0237)"
17753,"Garland Avenue, 8314",8314 Garland Ave,Takoma Park,20912,171026,-77.00054531,38.99446778,2/10/22,,3,1,5,1,0,0,5,0,0,compliant,"(38.9945, -77.0005)"
17737,"Silver Spring Avenue, 628",628 Silver Spring Ave,Silver Spring,20910,169459,-77.01526953,38.99172929,10/25/21,,3,1,4,4,2.25,1.22,0,0,0,at-risk,"(38.9917, -77.0153)"
17451,Rock Creek Palisades,11300 Connecticut Ave,Kensington,20895,166611,-77.07718369,39.04250013,1/6/22,,3,1,60,1,17,-96.25,45,0,0,at-risk,"(39.0425, -77.0772)"
17752,"Avondale Street, 4512-4514",4512 Avondale St,Bethesda,20814,169491,-77.09283046,38.98594123,10/13/21,,3,1,5,5,0.8,0.6,2,0,0,compliant,"(38.9859, -77.0928)"
82513,Millstone At Kingsview,13611 Ale House Cir,Germantown,20874,169481,-77.28420316,39.15869624,5/23/22,,3,1,195,50,0.28,0.22,42,0,0,compliant,"(39.1587, -77.2842)"
18210,"Georgia Avenue, 22310",22310 Georgia Ave,Brookeville,20833,154041,-77.06012949,39.22257312,3/18/19,,3,0,2,2,0,0,6,0,0,compliant,"(39.2226, -77.0601)"
17286,"Kennebec Avenue, 903",903 Kennebec Ave,Takoma Park,20912,158817,-76.99942652,38.99024486,1/23/20,,2,0,1,0,0,0,0,0,0,TBD,"(38.9902, -76.9994)"
17994,Montgomery Trace Apartments,14114 Grand Pre Rd,Silver Spring,20906,166705,-77.07428814,39.08699773,11/18/21,,3,1,192,44,0.47,0.64,31,0,0,compliant,"(39.087, -77.0743)"
70364,Argent Apartments,1200 Blair Mill Rd,Silver Spring,20910,169463,-77.02962349,38.98982655,11/15/21,,3,1,96,21,0.38,0.85,15,0,0,compliant,"(38.9898, -77.0296)"
17328,"Greenwood Avenue, 8210",8210 Greenwood Ave,Takoma Park,20912,173295,-77.00112584,38.99221631,7/11/22,,3,1,6,6,1.33,2.18,1,0,0,at-risk,"(38.9922, -77.0011)"
95888,"Kennebec Avenue, 1001",1001 KENNEBEC AVE,TAKOMA PARK,20912,157640,-76.99833232,38.99011035,9/13/19,,1,0,3,3,0.33,1,0,0,0,compliant,"(38.9901, -76.9983)"
17176,Londonderry,17041 Downing St,Gaithersburg,20877,166749,-77.20859842,39.13601316,12/14/21,,3,1,529,134,1.16,1.14,56,0.02,0,compliant,"(39.136, -77.2086)"
17423,Amherst Square,11500 Amherst Ave,Silver Spring,20902,161024,-77.04791884,39.04340687,10/28/20,,1,0,125,1,1,1,0,0,0,compliant,"(39.0434, -77.0479)"
112415,Manor at Cloppers Mill,18003 Mateny Rd,Germantown,20874,169480,-77.27119572,39.14681538,10/28/21,,3,1,102,26,0.73,1,13,0,0,compliant,"(39.1468, -77.2712)"
17427,Avery Park Apartments I I,9700 Mt Pisgah Rd,Silver Spring,20903,113176,0,0,5/23/13,,1,0,42,27,0.29,0.25,23,0,0,compliant,"(0.0, 0.0)"
79327,Elms At Clarksburg Village,12200 Elm Forest Ct,Clarksburg,20871,170967,-77.25212149,39.22871291,5/12/22,,3,1,450,108,0.61,0.81,61,0,0,compliant,"(39.2287, -77.2521)"
17324,"Garland Avenue, 7900",7900 Garland Ave,Takoma Park,20912,159474,-76.99844493,38.98853978,12/12/19,,2,0,3,4,0.25,1,2,0,0,compliant,"(38.9885, -76.9984)"
17522,"Houston Avenue, 905",905 Houston Ave,Takoma Park,20912,157638,-76.99976779,38.99124431,10/9/19,,2,0,2,2,0,0,2,0,0,compliant,"(38.9912, -76.9998)"
17187,Blair House,8201 16Th St,Silver Spring,20910,153888,-77.03455354,38.99195584,4/11/19,,1,0,313,74,2.1,1.82,5,0.05,0.02,troubled,"(38.992, -77.0346)"
57536,Covenant Village,18889 Waring Station Rd,Germantown,20874,159925,-77.24622213,39.16605402,1/20/22,,2,1,89,38,0.15,0.26,33,0,0,compliant,"(39.1661, -77.2462)"
17497,Northgate,14200 Grand Pre Rd,Silver Spring,20906,165005,-77.07649101,39.08920427,11/4/21,,3,1,250,61,1.16,1.3,30,0,0,compliant,"(39.0892, -77.0765)"
115234,"Silver Spring, 626",626 Silver Spring Ave,Silver Spring,20910,159461,-77.01510414,38.99173756,1/14/20,,2,0,4,4,2.5,1.3,0,0,0,at-risk,"(38.9917, -77.0151)"
18018,"Flower Avenue, 8411",8411 Flower Ave,Takoma Park,20912,157666,-77.00207588,38.99482471,10/3/19,,1,0,2,3,1,1.33,1,0,0,compliant,"(38.9948, -77.0021)"
51544,Residences At Rio,9890 Washingtonian Blvd,Gaithersburg,20878,145352,-77.20046197,39.11612153,2/23/18,,3,0,136,35,0.37,1.05,15,0,0,compliant,"(39.1161, -77.2005)"
50460,"Prospect Street, 903",903 Prospect St,Takoma Park,20912,157645,-76.99948646,38.98926655,9/10/19,,1,0,1,1,0,0,0,0,0,compliant,"(38.9893, -76.9995)"
17396,Wellington Apartments,4800 Wellington Dr,Chevy Chase,20815,146176,-77.09359537,38.97900769,3/8/18,,3,0,38,9,0.77,0.77,4,0,0.11,compliant,"(38.979, -77.0936)"
75916,The Galaxy,8025 13Th St,Silver Spring,20910,154276,-77.02841554,38.98688068,4/19/19,,2,0,195,49,0.32,2.12,0,0,0.02,at-risk,"(38.9869, -77.0284)"
17526,"Greenwood Avenue, 8408",8408 Greenwood Ave,Takoma Park,20912,173300,-77.00162903,38.99477527,7/27/22,,3,1,5,6,0.33,0.5,3,0,0,compliant,"(38.9948, -77.0016)"
18245,Hamptons Phase I I,19773 Crystal Rock Dr,Germantown,20874,168697,-77.26192142,39.18057265,8/24/21,,3,1,245,97,1.31,1.66,27,0.02,0,at-risk,"(39.1806, -77.2619)"
90324,"Flower Avenue, 8623",8623 Flower Ave,Takoma Park,20912,154228,-77.00302948,38.99743859,3/25/19,,3,0,6,6,0.16,0.16,5,0,0,compliant,"(38.9974, -77.003)"
17173,Hewitt Gardens,3331 Hewitt Ave,Silver Spring,20906,166700,-77.06833306,39.07994004,6/24/21,,3,1,143,48,0.97,1.11,19,0,0,compliant,"(39.0799, -77.0683)"
96373,"Plymouth Street, 8713",8713 Plymouth St,Silver Spring,20901,159445,-77.0071747,38.99999193,12/17/19,,1,0,6,5,0.4,0.8,3,0,0,compliant,"(39.0, -77.0072)"
17478,"Garland Avenue, 8111",8111 Garland Ave,Takoma Park,20912,159434,-76.99918023,38.991291,12/30/19,,1,0,3,3,0,0,3,0,0,compliant,"(38.9913, -76.9992)"
17017,"Greenwood Avenue, 8001",8001 Greenwood Ave,Takoma Park,20912,171972,-77.00007036,38.98959418,4/25/22,,3,1,5,6,1.33,2,0,0,0,at-risk,"(38.9896, -77.0001)"
42734,Andrew Kim House,2100 Olney Sandy Spring Rd,Olney,20832,170968,-77.04367474,39.1441962,4/28/22,,3,1,76,19,0,0,19,0,0,compliant,"(39.1442, -77.0437)"
55327,"Prospect Street, 909",909 Prospect St,Takoma Park,20912,160583,-76.99882489,38.98918504,6/24/22,,3,1,2,0,0,0,0,0,0,TBD,"(38.9892, -76.9988)"
17446,"Greenwood Avenue, 8507",8507 Greenwood Ave,Takoma Park,20912,171934,-77.0013687,38.99551115,5/2/22,,2,1,4,5,3,1.33,0,0,0,at-risk,"(38.9955, -77.0014)"
18136,"Greenwood Avenue, 8404",8404 Greenwood Ave,Takoma Park,20912,173298,-77.00153756,38.99447601,7/11/22,,3,1,4,4,0.75,0.83,2,0,0,compliant,"(38.9945, -77.0015)"
17503,"Prospect Street, 911",911 Prospect St,Takoma Park,20912,157648,-76.9986736,38.98921525,9/13/19,,1,0,2,0,0,0,0,0,0,TBD,"(38.9892, -76.9987)"
108658,Liberty Mill Apartments,19520 WATERS RD,GERMANTOWN,20874,160558,-77.2739917,39.17605232,7/15/20,,3,1,303,1,1,1,0,0,0,compliant,"(39.1761, -77.274)"
17204,"Seasons, The",4710 Bethesda Ave,Bethesda,20814,169494,-77.09383334,38.98074554,12/2/21,,3,1,247,59,1.1,1.8,19,0,0.01,at-risk,"(38.9807, -77.0938)"
17333,"Avondale Street, 4531",4531 Avondale St,Bethesda,20814,159424,-77.09365767,38.98627828,12/11/19,,2,0,4,5,1.4,1.02,2,0,0,compliant,"(38.9863, -77.0937)"
17521,Chelsea Tower,7401 Westlake Ter,Bethesda,20817,169493,-77.15191302,39.02744107,10/27/21,,3,1,21,5,0.2,0.6,4,0,0,compliant,"(39.0274, -77.1519)"
17192,Northwest Park,475 Southampton Dr,Silver Spring,20903,170995,-76.98420969,39.00616404,4/20/22,,3,1,747,187,1.3,1.25,71,0.04,0.02,compliant,"(39.0062, -76.9842)"
86485,The Perry At Park Potomac,12430 Park Potomac Ave,Potomac,20854,159923,-77.15793743,39.05986503,12/7/21,,3,1,297,77,0.19,-0.05,79,0,0,compliant,"(39.0599, -77.1579)"
17183,Park Wayne,2 Manchester Pl,Silver Spring,20901,165397,-77.00993547,39.0010221,6/16/21,,3,1,221,1,2,1,0,0,0,compliant,"(39.001, -77.0099)"
17401,Dorset Apartments,4757 Chevy Chase Dr,Chevy Chase,20815,169487,-77.09357536,38.9771626,10/19/21,,3,1,69,17,0,0,17,0,0,compliant,"(38.9772, -77.0936)"
17554,"Wisconsin Avenue, 7347",7347 Wisconsin Ave,Bethesda,20814,157663,-77.09329144,38.98333792,9/25/19,,1,0,5,0,0,0,0,0,0,TBD,"(38.9833, -77.0933)"
105594,North Bethesda Market,11351 WOODGLEN DR,ROCKVILLE,20852,146687,-77.11304772,39.04298445,5/31/18,,3,0,411,105,0.29,0.49,75,0,0,compliant,"(39.043, -77.113)"
17309,"Glenville Road, 8807",8807 Glenville Rd,Silver Spring,20901,171178,-76.99662903,38.99984655,2/25/22,,2,1,4,4,1.25,1.35,1,0,0,compliant,"(38.9998, -76.9966)"
17961,"Bradford Road, 8716",8716 Bradford Rd,Silver Spring,20901,161026,-77.00675595,38.99990958,3/20/20,,3,1,6,8,1.87,1.63,1,0,0,at-risk,"(38.9999, -77.0068)"
18138,"Flower Avenue, 8413",8413 Flower Ave,Takoma Park,20912,157667,-77.00213218,38.99495926,10/3/19,,1,0,6,7,0.85,1.33,3,0,0,compliant,"(38.995, -77.0021)"
17237,Wheaton House,10811 Georgia Ave,Silver Spring,20902,161049,-77.04839368,39.03225386,11/22/21,,3,1,71,17,0.94,0.7,11,0,0,compliant,"(39.0323, -77.0484)"
17717,"Garland Avenue, 7814",7814 Garland Ave,Takoma Park,20912,169458,-76.99830073,38.9882652,10/13/21,,3,1,1,0,0,0,0,0,0,TBD,"(38.9883, -76.9983)"
17387,Round Hill Apartments of Chevy Chase,8584 Freyman Dr,Chevy Chase,20815,166658,-77.05896468,38.99636389,10/26/21,,3,1,150,35,0.62,0.85,21,0,0,compliant,"(38.9964, -77.059)"
79586,Woodward Crossing,8380 Broderick Cir,Gaithersburg,20877,159463,-77.16999279,39.14710462,1/6/20,,2,0,32,30,1.53,1.56,7,0.06,0,at-risk,"(39.1471, -77.17)"
17308,Chateau Apartments,9727 Mt Pisgah Rd,Silver Spring,20903,171037,-76.97497936,39.01686173,3/8/22,,3,1,399,100,0.65,-0.28,119,0.03,0,compliant,"(39.0169, -76.975)"
17332,"Garland Avenue, 8007",8007 Garland Ave,Takoma Park,20912,171030,-76.99864544,38.99006366,3/1/22,,3,1,3,3,0.33,0.33,2,0,0,compliant,"(38.9901, -76.9986)"
41711,Burnt Mills Crossing I I,10700 Venetia Mill Cir,Silver Spring,20901,157356,-77.00224236,39.03101293,9/23/19,,2,0,40,39,0.12,0.45,31,0,0,compliant,"(39.031, -77.0022)"
50418,"Greenwood Avenue, 7901",7901 Greenwood Ave,Takoma Park,20912,160569,-76.99949338,38.98835307,1/27/21,,3,1,2,0,0,0,0,0,0,TBD,"(38.9884, -76.9995)"
17633,Five Star Premier Residences Of Chevy Chase,8100 Connecticut Ave,Chevy Chase,20815,169489,-77.07826253,38.99255529,11/9/21,,3,1,318,76,0.53,0.37,55,0.01,0,compliant,"(38.9926, -77.0783)"
82144,Gallery Bethesda,4800 Auburn Ave,Bethesda,20814,166758,-81.52919213,37.57726919,5/14/21,,3,1,234,56,0.37,0.38,45,0,0,compliant,"(37.5773, -81.5292)"
17174,"Avondale Street, 4530",4530 Avondale St,Bethesda,20814,171967,-77.0936114,38.98586647,4/14/22,,1,1,4,0,0,0,0,0,0,TBD,"(38.9859, -77.0936)"
17774,"Glenville Road, 8814",8814 Glenville Rd,Silver Spring,20901,154058,-76.99699146,39.00035727,4/17/19,,3,0,3,3,0,0,3,0,0,compliant,"(39.0004, -76.997)"
17341,"Greenwood Avenue, 8208",8208 Greenwood Ave,Takoma Park,20912,171938,-77.00100269,38.99192525,4/20/22,,3,1,4,6,1.66,2.37,0,0,0,at-risk,"(38.9919, -77.001)"
17557,Chadswood,1 Cross Laurel Ct,Germantown,20876,171960,-77.22899764,39.18967097,5/26/22,,2,1,11,10,1.6,1.53,3,0,0,at-risk,"(39.1897, -77.229)"
17264,The Monterey,5901 Montrose Rd,Rockville,20852,169472,-77.11905435,39.05353559,11/18/21,,3,1,432,96,0.84,1.2,46,0.03,0,compliant,"(39.0535, -77.1191)"
17459,"808 Houston Avenue, Takoma Park, MD 20912",808 Houston Ave,Takoma Park,20912,154300,0,0,4/23/19,,3,0,3,3,0,0,3,0,0,compliant,"(0.0, 0.0)"
18161,"Garland Avenue, 8005",8005 Garland Ave,Takoma Park,20912,159432,-76.9985786,38.98993188,1/14/20,,1,0,3,4,0.75,0.83,2,0,0,compliant,"(38.9899, -76.9986)"
96482,8417 Flower Ave,8417 Flower Ave,Takoma Park,20912,157668,-77.0022518,38.99524203,10/3/19,,2,0,4,4,0,0,4,0,0,compliant,"(38.9952, -77.0023)"
17009,"Greenwood Avenue, 8403",8403 Greenwood Ave,Takoma Park,20912,173297,-77.00096053,38.99426185,7/11/22,,3,1,3,3,1,1.55,1,0,0,at-risk,"(38.9943, -77.001)"
85490,Eleven55 Ripley,1155 Ripley St,Silver Spring,20910,169469,-77.0286923,38.99272898,2/15/22,,3,1,379,92,0.46,0.59,67,0,0,compliant,"(38.9927, -77.0287)"
17635,Aspenwood,14400 Homecrest Rd,Silver Spring,20906,173309,-77.06281494,39.09140999,7/8/22,,3,1,85,15,0.26,0.23,13,0,0,compliant,"(39.0914, -77.0628)"
65228,"Domer Avenue, 404",404 Domer Ave,Takoma Park,20912,160563,-77.00145665,38.99697184,12/23/21,,3,1,3,3,0.66,2.66,1,0,0,at-risk,"(38.997, -77.0015)"
24650,"Greenwood Avenue, 8000",8000 Greenwood Ave,Takoma Park,20912,173302,-77.00042567,38.98918229,6/23/22,,3,1,1,0,0,0,0,0,0,TBD,"(38.9892, -77.0004)"
17523,Country Place Apartments,3900 Blackburn Ln,Burtonsville,20866,145355,-76.93081847,39.10474095,2/8/18,,3,0,312,78,1.71,1.07,27,0,0.02,compliant,"(39.1047, -76.9308)"
17461,Peppertree Farm,14120 Weeping Willow Dr,Silver Spring,20906,144900,-77.06564945,39.08830481,2/14/18,,1,0,881,450,2.28,1.53,86,0.12,0.06,troubled,"(39.0883, -77.0656)"
17195,Flower Branch Apartments,8628 Piney Branch Rd,Silver Spring,20901,170965,-76.99973782,38.99860344,8/17/22,,3,1,362,85,0.92,1.17,38,0.02,0,compliant,"(38.9986, -76.9997)"
45178,Avalon At Traville,14240 Alta Oaks Dr,Rockville,20850,166620,-77.20557287,39.09096448,5/18/22,,3,1,520,112,0.48,0.58,78,0,0,compliant,"(39.091, -77.2056)"
137030,The Lockwood,11431 Lockwood Dr,Silever Spring,20904,171951,0,0,7/26/22,,1,1,111,112,1.84,1.47,33,0.1,0,compliant,"(0.0, 0.0)"
17467,"Bradford Road, 8701",8701 Bradford Rd,Silver Spring,20901,173305,-77.00667485,38.99846256,7/11/22,,3,1,3,5,5,2.08,0,0.2,0,troubled,"(38.9985, -77.0067)"
88050,"Georgia Spring, LLC",923 Silver Spring Ave,Silver Spring,20910,158829,-77.02597694,38.99167188,10/29/19,,2,0,3,3,1,0.44,2,0,0,compliant,"(38.9917, -77.026)"
17695,"Silver Spring Avenue, 622",622 Silver Spring Ave,Silver Spring,20910,173290,-77.0147523,38.99175685,7/5/22,,3,1,5,5,3.2,1.73,1,0,0.2,troubled,"(38.9918, -77.0148)"
17581,Montgomery Paint Branch I I I,11556 February Cir,Silver Spring,20904,144895,-76.97689723,39.04685913,4/6/18,,3,0,168,46,1.32,1.12,11,0.02,0.02,compliant,"(39.0469, -76.9769)"
27164,"Flower Avenue, 8201",8201 Flower Ave,Takoma Park,20912,157664,-77.00163597,38.99132944,10/3/19,,1,0,4,4,0.5,1.25,2,0,0,compliant,"(38.9913, -77.0016)"